М(с)ЦА	сущ	jo	род	ед	м	
МАIА	сущ	jo	род	ед	м	
В	пред					
FI#	19					
ДЕНЬ&	сущ	en	вин	ед	м	
ПРЕСТАВЛЕНIЕ	сущ	jo	им	ед	ср	
БЛГОВ+Р&НАГW#	прил	тв	род	ед	м	
КНЗR#	сущ	jo	род	ед	м	
И	союз					
ПРП(Д)БНАГО&	прил	тв	род	ед	м	
ОЦА#	сущ	jo	род	ед	м	
НШЕГW#	мест	м	род	ед	м	
*ИГНАТIR.&	сущ	jo	род	ед	м	
ЧЮДОТВОРЦА	сущ	jo	род	ед	м	
*ВОЛОГО&ЦКАГW	прил	тв	род	ед	м	
ИЖЕ	мест	м	им	ед	м	
НА	пред					
*ПРИЛD&Ц+.	сущ	o	мест	ед	м	*
ТВОРЕНIЕ	сущ	jo	им	ед	ср	
ВКРАТ&	нар					
ИНОКА	сущ	o	род	ед	м	
*ЛОГИНА,	сущ 	о	род	ед	м	
ТОR&	мест	тв	род	ед	ж	
ЖЕ	част					
WБИТЕЛИ.	сущ	i	род	ед	ж	
БЛГО&СЛОВИ#	гл	повел		2	ед	4
ОЧЕ#.&	сущ	jo/о	зв	ед	м	*
СЕИ	мест	м	им	ед	м	
СТЫИ#	прил	тв	им	ед	м	
БЛГОВ+Р&НЫИ#	прил	тв	им	ед	м	
КНЗЬ#	сущ	jo	им	ед	м	
*IWАННЪ,&	сущ	o	им	ед	м	
РОЖДЕНIЕ	сущ	jo	им	ед	ср	
И	союз					
ВОСПИТА&НIЕ	сущ	jo	им	ед 	ср 	
БЛГОВ+РНАГW#&	прил	тв	род	ед	м	
КНЗR#	сущ	jo	род	ед	м	
*АНДР+R	сущ	jo	род	ед	м	
*ВА&СИЛIЕВИЧА	сущ	jo	род	ед	м	
*UГЛЕЦКАГО	прил	тв	род	ед 	м	
Z -182						
И	союз					
БЛГОВ+РНЫR#	прил	тв	род	ед	ж	
КНRГИ&НИ	сущ	ja/а	род	ед	ж	
МАТЕРИ	сущ	er	род	ед	ж	
ЕГW	мест	м	род	ед	м	
*ЕЛЕ&НЫ,	сущ	а	род	ед	ж	
И	союз					
КРЕСТИША	гл	изъяв	аор гл	3	мн	
ЕГО&	мест	м	вин/род	ед	м	
СТЫМЪ#	прил	тв	тв	ед	ср	
КРЕЩЕНIЕМЪ&	сущ	jo	тв	ед	ср	
В	пред					
*ЛDКАХЪ	сущ	o/a	мест	мн	м	
*ВЕЛИКИХЪ.&	прил	тв	мест	мн	м	
И	союз					
ПРIИДЕ	гл	изъяв	аор пр	3	ед	
В	пред					
РАЗDМЪ,	сущ	o	вин	ед	м	
И&	союз					
ПОВЕЛ+	гл	изъяв	аор гл	3	ед	
ЕГW	мест	м	вин/род	ед	м	
ГРАМО&Т+	сущ	a	дат	ед	ж	
UЧИТИ,	инф					
I	союз					
ИЗВЫ&ЧЕ	гл	изъяв	аор пр	3	ед	
ВЪБОРЗ+,	нар					
БRШЕ&	гл	изъяв	имп	3	ед	
БО	союз					
СТЫИ#	прил	тв 	им	ед	м	
WБЫЧАЕМ&	сущ	jo	тв	ед	м	
КРОТОКЪ	прил	o	им	ед	м	-о
И	союз					
СМИРЕНЪ&	прич	o	прош	им	ед	м
СР(Д)ЦЕМЪ,	сущ	jo	тв	ед	ср	
И	союз					
МОЛЧАЛИВ&	прил	o	им	ед	м	
В	пред					
РАЗDМ+	сущ	о	мест 	ед	м	
А	союз					
НЕ	част					
ГН+В&ЛИВЪ	прил	о	им 	ед	м	
W(Т)НЮДЪ	нар					
I	союз					
ИГРЫ&	сущ	a	род	ед	ж	
Д+ТЦКIR	прил	тв	род	ед	ж	
НИ	част					
ЦРЬСКА(г)#&	прил	тв	род	ед	ср	
ПОТ+ШЕНIR	сущ	jo	род	ед	ср	
НЕ	част					
ВНИZ 183 МАШЕ,	гл	изъяв	имп	3	ед	
ТОКМО	нар					
ВО	пред					
UМЪ&	сущ	o	вин	ед	м	
СЕБ+	мест	личн	возвр	дат	ед	
ПОЛОЖИ	гл	изъяв	аор гл	3	ед	4
ПАМRТЬ&	сущ	i	вин	ед	ж	
СМЕРТНDЮ	прил	тв	вин	ед	ж	
И	союз					
СТРАХЪ	сущ	o	вин	ед	м	
БО&ЖIИ	прил	jo	вин	ед	м	
КАКW	союз					
UГОДИТИ&	инф					
БГD#,	сущ	o	дат	ед	м	
И	союз					
СDЕТD	сущ	a	вин	ед	ж	
МIРА	сущ	o	род	ед	м	
СЕ&ГW	мест	м	род	ед	м	
НИ	част					
ВО	пред					
ЧТОЖЕ	мест	м	вин	ед	ср	
ПО&ЛОЖИ.	гл	изъяв	аор гл	3	ед	4
ПОМИНАR	прич	jo	наст	им	ед	м
СЛО&ВО	сущ	es	вин	ед	ср	
АПОСТОЛЬСКОЕ,&	прил	тв	вин	ед	ср	
ЯКW	союз					
НИЧТОЖЕ	мест	м	вин	ед	ср	
ВНЕСО&ХОМЪ	гл	изъяв	аор нов	1	мн	
В	пред					
МIРЪ	сущ	o	вин	ед	м	
СЕИ,	мест	м	вин	ед	м	
НИ&ЖЕ	част					
ИЗНЕСТИ	инф					
ЧТО&	мест	м	вин	ед	ср	
МWЖЕМЪ,	гл	изъяв	н/б	1	мн	1
НИ	част					
БОГАТ&СТВА,	сущ	o	род	ед	ср	
НИ	част					
СЛАВЫ,	сущ	a	род	ед	ж	
НО&	союз					
ПРIИДЕМЪ	гл	изъяв	н/б	1	мн	1
НИ	част					
ВО	пред					
ЧТОЖЕ.&	мест	м	вин	ед	ср	
И	союз					
ПОЖИВЕ	гл	изъяв	аор пр	3	ед	
U	пред					
ОЦА#	сущ	jo	род	ед	м	
СВОЕГW&	мест	м	род	ед	м	
ТРИНАДЕСRТЬ	числ	i	вин	ед	ср	
Л+ТЪ,	сущ	o	род	мн	ср	
Z -183						
ПО	пред					
СЕМЪ	мест	м	мест	ед	ср	
ВРАГЪ	сущ	o	им	ед	м	
САТАНА&	сущ	a	им	ед	м	
ИСКОНИ	нар					
НЕНАВИДRИ	прич	м	наст	им	ед	м
ДО&БРА	сущ	o	род	ед	ср	
РWДD	сущ	o	дат	ед	м	
ЧЕЛОВ+ЧЕСКО&МD,	прил	тв	дат	ед	м	
ДIАВОЛЬ	сущ	jo	им	ед	м	
ВЛОЖИ&	гл	изъяв	аор гл	3	ед	
ПРОМЕЖЬ	пред					
ВЕЛИКИМЪ&	прил	тв	тв	ед	м	
КНRЗЕМЪ	сущ	jo	тв	ед	м	
*IWАННОМЪ&	сущ	о	тв	ед	м	
*ВАСИЛIЕВИЧЕМЪ	сущ	jo	тв	ед	м	
И	союз					
КНR&ЗЕМЪ	сущ	jo	тв	ед	м	
*АНДР+ЕМЪ	сущ	jo	тв	ед	м	
*ВАСИ&ЛIЕВИЧЕМЪ	сущ	jo	тв	ед	м	
ПО	пред					
ПЛОТИ&	сущ	i	дат	ед	ж	
БРАТIИ,	сущ	o/i	род	мн	м	
И	союз					
ПОЛОЖИ	гл	изъяв	аор гл	3	ед	4
МЕ(Ж)&	пред					
ИМИ	мест	м	тв	мн	м	
НЕНАВИСТЬ	сущ	i	вин	ед	ж	
W	пред					
СD&ЕТ+	сущ	a	мест	ед	ж	
МIРА	сущ	o	род	ед	м	
СЕГW.	мест	м	род	ед	м	
И&	союз					
ПОИМАЛЪ	гл	изъяв	прош	м	ед	
КНЗЬ#	сущ	jo	им	ед	м	
ВЕ&ЛИКIИ	прил	тв	им	ед	м	
*ИWАННЪ	сущ	o	им	ед	м	
*ВАСИ&ЛIЕВИЧЬ	сущ	jo	им	ед	м	
БРАТА	сущ	o	вин/род	ед	м	
СВОЕ(г)&	мест	м	вин/род	ед	м	
КНRЗR	сущ	jo	вин/род	ед	м	
*АНДР+R	сущ	jo	вин/род	ед	м	
*ВАСИZ 184 ЛIЕВИЧА	сущ	jo	вин/род	ед	м	
*UГЛЕЦКАГW,&	прил	тв	вин/род	ед	м	
И	союз					
С	пред					
ЕГW	мест	м	род	ед	м	
Д+ТЬМИ	сущ	i	тв	pt	ж	
ПРЕ&ЖДЕРЕЧЕННАГW	прич	тв	прош	вин/род	ед	м
КНRЗR&	сущ	jo	вин/род	ед	м	
*IWАННА	сущ	o	вин/род	ед	м	
*АНДР+ЕВИЧА,&	сущ	jo	вин/род	ед	м	
ДА	союз					
БРАТА	сущ	o	вин/род	ед	м	
ЕГW	мест	м	род	ед	м	
КНЗR#&	сущ	jo	вин/род	ед	м	
*ДИМИТРIR	сущ	jo	вин/род	ед	м	
*АНДР+ЕВИ&ЧА.	сущ	jo	вин/род	ед	м	
И	союз					
ВОЗЛОЖИ	гл	изъяв	аор гл	3	ед	4
НА&	пред					
НIХЪ	мест	м	вин/род	мн	м	
ЖЕЛ+ЗА	сущ	o	вин	мн	ср	
ТR&ЖКИ	прил	o	вин	мн	ср/м	
И	союз					
СВ+ДWША	гл	изъяв	аор нов	3	мн	
ИХЪ&	мест	м	вин/род	мн	м	
ВО	пред					
ГРАДЪ	сущ	o	вин	ед	м	
*ПЕРЕСЛАВЛЬ,&	сущ	jo	вин	ед	м	
И	союз					
ЗАТОЧИ	гл	изъяв	аор гл	3	ед	4
ИХЪ	мест	м	вин/род	мн	м	
В	пред					
ТЕМ&НИЦD,	сущ	ja	вин	ед	ж	
И	союз					
ПО	пред					
СЕМЪ	мест	м	мест	ед	ср	
НА&	пред					
*Б+ЛО	прил	o	вин	ед	ср	
ЕЗ+РО,	сущ	o	вин	ед 	ср	
И	союз					
ПО&ТОМЪ	нар					
ПАКИ	нар					
СВ+ДW&ША	гл	изъяв	аор нов	3	мн	
ИХЪ	мест	м	вин/род	мн	м	
НА	пред					
*ВОЛОГДD,&	сущ	a	вин	ед	ж	
И	союз					
ПОЖИША	гл	изъяв	аор гл	3	мн	
НА	пред					
*ВОЛОГД+	сущ	a	мест	ед	ж	
Z -184						
Л+ТА	сущ	o	вин	мн	ср	
ДОВОЛНА	прил	o	вин	мн	ср	
WКО&ВАНЫ	прич	o	прош	им/вин	мн	м
ТВЕРДО.	нар					
СЕИ	мест	м	им	ед	м	
ЖЕ&	част					
БЛАЖЕННЫИ	прил	тв	им	ед	м	
КНЗЬ#	сущ	jo	им	ед	м	
*IW&АННЪ	сущ	o	им	ед	м	
*АНДР+ЕВИЧЬ	сущ	jo	им	ед	м	
U&Т+ШАR	прич	jo	наст	им	ед	м
БРАТА	сущ	o	вин/род	ед	м	
СВОЕ(г)&	мест	м	вин/род	ед	м	
КНRЗR	сущ	jo	вин/род	ед	м	
*ДИМИТРIR	сущ	jo	вин/род	ед	м	
*А(н)&ДР+ЕВИЧА	сущ	jo	вин/род	ед	м	
РЕЧЕ	гл	изъяв	аор пр	3	ед	1
ЕМD:&	мест	м	дат	ед	м	
НЕ	част					
СКОРБИ	гл	повел		2	ед	4
БРАТЕ	сущ	o	зв	ед	м	
W	пред					
ТЕ&МНИЦ+	сущ	ja/a	мест	ед	ж	
И	союз					
W	пред					
UЗАХЪ	сущ	a	мест	мн	ж	
СИ(Х)&	мест	м	мест	мн	ж	
БГЪ#	сущ	o	им	ед	м	
БРАТD	сущ	o	дат	ед	м	
НШЕМD#.&	мест	м	дат	ед	м	
И	союз					
Г(с)ДРЮ	сущ	jo	дат	ед	м	
W	пред					
НАСЪ	мест	личн	1	мест	мн	
ИЗВ+&СТИЛЪ	гл	изъяв	прош	м	ед	
ПОЛЕЗНАR	прил	тв	вин	мн	ср	
ДD&ШАМЪ	сущ	ja	дат	мн	ж	
НШИМЪ#	мест	м	дат	мн	ж	
ТВО&РИТИ,	инф					
W(Т)ЛDЧИ	гл	изъяв	аор гл	3	ед	
НАСЪ&	мест	личн	1	вин/род	мн	
СЕГW	мест	м	род	ед	м	
СВ+ТА	сущ	o	род	ед	м	
СDЕТНА(г),&	прил	тв	род	ед	м	
НЕ	част					
ПЕЩИСR	инф/в					
НАМЪ	мест	личн	1	дат	мн	
СDЕТОЮ	сущ	а	тв	ед	ж	
Z 185						
МIРА	сущ	o	род	ед	м	
СЕГW,	мест	м	род	ед	м	
И	союз					
НЕ	част					
ДОСТОИ&НИ	прил	o	им	мн	м	
ЕСМИ	гл	изъяв	н/б	1	мн	5
НА	пред					
СЕМЪ	мест	м	мест	ед	м	
СВ+&ТЕ	сущ	о	мест	ед	м	
ЖИТИ	инф					
В	пред					
ВОЛИ	сущ	ja	мест	ед	ж	
СВО&ЕИ,	мест	м	мест	ед	ж	
НО	союз					
ПОМОЛИМСR	гл/в	повел		1	мн	4
Г(с)ДD&	сущ	i/o	дат	ед	м	
БГD#	сущ	o	дат	ед	м	
ЧТОБЫ	союз					
НАМЪ	мест	личн	1	дат	мн	
ПРЕ&ТЕРП+ТИ	инф					
ЗАТВОРЪ&	сущ	о	вин	ед	м	
СЕИ	мест	м	вин	ед	м	
С	пред					
РАДОСТIЮ	сущ	i	тв	ед	ж	
ВО	пред					
ИМR&	сущ	men	вин	ед	ср	
Г(с)ДА	сущ	i/o	род	ед	м	
НШЕГW#	мест	м	род	ед	м	
*IСА#	сущ	o	род	ед	м	
*ХР(с)ТА&	сущ	o	род	ед	м	
ЧТОБЫ	союз					
БГЪ#	сущ	o	им	ед	м	
ИЗБАВИ(л)&	гл	сосл	м	ед	пр	
В+ЧНЫR	прил	тв	род	ед	ж	
МDКИ,	сущ	a	род	ед	ж	
А	союз					
МЫ&	мест	личн	1	им	мн	
БРАТЕ	сущ	o	зв	ед	м	
ДОЛЖНИ	прил	o	им	мн	м	
БГА#&	сущ	o	вин/род	ед	м	
МОЛИТИ	инф					
W	пред					
Г(с)ДР+	сущ	jo/o	мест	ед 	м	
СВОЕ(М)&	мест	м	мест	ед	м	
И	союз					
W	пред					
БРАТ+	сущ	o	мест	ед	м	
НШЕМЪ#	мест	м	мест	ед	м	
ВЕ&ЛИКОМЪ	прил	тв	мест	ед	м	
КНRЗ+	сущ	jo/o	мест	ед	м	
И	союз					
W&	пред					
Д+ТЕХЪ	сущ	i	мест	pt	ж	
ЕГW	мест	м	род	ед	м	
Г(с)ДР+&	сущ	jo/o	мест	ед	м	
*IWАНН+	сущ	o 	мест	ед	м	
~ВАСИЛIВИЧЕ <*ВАСИЛIЕВИЧЕ>,	сущ	jo/o	мест	ед	м	
Z -185						
WН+	мест	тв	им	дв	м/ж	
НАШЕМD	мест	м	дат	ед	ср	
СПАСЕНIЮ&	сущ	jo	дат	ед	ср	
ХОДАТАИ,	сущ	jo 	им	мн	м	
UГОТОВА&ЛИ	гл	изъяв	прош	м	мн	
НАМЪ	мест	личн	1	дат	мн	
М+СТО	сущ	o	вин	ед	ср	
ПО&КОИНО,	прил	o	вин	ед	ср	
И	союз					
ПЕКDТСR&	гл/в	изъяв	н/б	3	мн	1
НАМИ	мест	личн	1	тв	мн	
ДШЕВН+#	нар					
И	союз					
Т+&ЛЕСН+,	нар					
А	союз					
МЫ	мест	личн	1	им	мн	
БРАТЕ&	сущ	o	зв	ед	м	
ДWЛЖНИ	прил	o	им	мн	м	
W	союз					
ВСЕМЪ	мест	р/скл	мест	ед	ср	
БЛА&ГОДАРИТИ	инф					
БГА#	сущ	o	вин/род	ед	м	
И	союз					
БЕСПРЕ&СТАНИ	нар					
МОЛИТИСR	инф/в					
ЕМD&	мест	м	дат	ед	м	
И	союз					
ПРЕБЫВАТИ	инф					
НАМЪ	мест	личн	1	дат	мн	
ВЪ&	пред					
ПОСТ+	сущ	o	мест	ед	м	
И	союз					
В	пред					
МОЛИТВАХЪ&	сущ	a	мест	мн	ж	
И	союз					
ВЪ	пред					
КНИЖНОМЪ	прил	тв	мест	ед	ср	
ПОЧИ&ТАНIИ,	сущ	jo	мест	ед	ср	
И	союз					
В	пред					
ЧИСТОТ+&	сущ	a	мест	ед	ж	
ДDШЕВН+И	прил	тв	мест	ед	ж	
И	союз					
Т+ЛЕСН+(И)&	прил	тв	мест	ед	ж	
КАКW	союз					
СТIИ#	прил	тв	им	мн	м	
WЦЫ#	сущ	jo	им	мн	м	
U&СКИМЪ	прил	тв	тв	ед	м	
И	союз					
ПРИСКОРБНЫ(М)	прил	тв	тв	ед	м	
Z 186						
ПDТЕМЪ	сущ	i	тв	ед	м	
ХОДИША	гл	изъяв	аор гл	3	мн	
ВЪ&ВОДRЩИМЪ	прич	м	наст	тв	ед	м
ВО	пред					
ЦР(с)ТВО&	сущ	o	вин	ед	ср	
НБ(с)НОЕ,	прил	тв	вин	ед	ср	
ВО	пред					
АЛЧБ+	сущ	a	мест	ед	ж	
И&	союз					
ЖАЖДИ	сущ	ja	мест	ед	ж	
И	союз					
ВО	пред					
ВСRКWМЪ&	мест	тв	мест	ед	ср	
НЕUСТРОЕНIИ,	сущ	jo	мест	ед	ср	
ПРИСНО&	нар					
ЖЕ	част					
РАДDЮЩЕСR,	прич/в	jo/en	наст	им	мн	м
И	союз					
СЕ&БЕ	мест	личн	возвр	вин/род	ед	
НАМЪ	мест	личн	1	дат	мн	
ДОСТОИТ&	гл	изъяв	н/б	3	ед	4
UКАРRТИ	инф					
UНИЧИЖА&ТИ	инф					
ВО	пред					
UМ+	сущ	o	мест	ед	м	
СВОЕМЪ,&	мест	м	мест	ед	м	
И	союз					
РЕВНОСТIЮ	сущ	i	тв	ед	ж	
ПОРЕВНО&ВАТИ	инф					
СИХЪ	мест	м	род	мн	м	
СТРАДА&НIЮ	сущ	jo	дат	ед	ср	
И	союз					
БОЛ+ЗНЕМЪ.&	сущ	i	дат	мн	ж	
КАКW	союз					
ПОЖИША	гл	изъяв	аор гл	3	мн	
СТIИ#&	прил	тв	им	мн	м	
WЦЫ#	сущ	jo	им	мн	м	
ГЛАДЪ	сущ	o	вин	ед	м	
И	союз					
ЖАЖ&ДD	сущ	ja	вин	ед	ж	
ПРЕТЕРП+ВАХD&	гл	изъяв	имп	3	мн	
Г(с)ДА	сущ	i/o	род	ед	м	
РАДИ.	посл					
А	союз					
СТIИ#	прил	тв	им	мн	м	
Z -186						
АПОСТWЛИ	сущ	o	им	мн	м	
КАМЕНIЕМ&	сущ	jo	тв	ед	ср	
ПОБИВАЕМИ,	прич	o	наст	им	мн	м
ТАКWЖЕ&	нар					
И	союз					
ПРЕПОДWБНIИ	прил	тв	им	мн	м	
WЦЫ#	сущ	jo	им	мн	м	
W&СТАВЛRХD	гл	изъяв	имп	3	мн	
ОЦА#	сущ	jo	вин	дв	м	
И	союз					
МАТЕ&РИ	сущ	er	вин	дв	ж	
И	союз					
ЖЕНD	сущ	a	вин	ед	ж	
И	союз					
ЧАДА	сущ	o	вин	мн	ср	
И	союз					
ВСR&	мест	р/скл	вин	мн	ср	
ЯЖЕ	мест	м	вин	мн	ср	
СDТЬ	гл	изъяв	н/б	3	мн	5
В	пред					
МIР+,&	сущ	o	мест	ед	м	
ПО	пред					
АПОСТОЛЬСКОМD	прил	тв	дат	ед	ср	
СЛО&ВЕСИ	сущ	es	дат	ед	ср	
ГЛАДЪ	сущ	o	вин	ед	м	
И	союз					
ЖАЖДD&	сущ	ja	вин	ед	ж	
ПРЕТЕРП+ВАХD	гл	изъяв	имп	3	мн	
Г(с)ДА	сущ	i/o	род	ед	м	
РА&ДИ.	посл					
ТАКWЖЕ	нар					
И	союз					
СТIИ#&	прил	тв	им	мн	м	
МDЧЕНИЦЫ	сущ	o	им	мн	м	*
РАЗЛИЧНЫ(R)&	прил	тв	вин	мн	ж	
МDКИ	сущ	a	вин	мн	ж	
ПРЕТЕРП+ША,&	гл	изъяв	аор гл	3	мн	
МЫ	мест	личн	1	им	мн	
ЖЕ	част					
ГР+ШНIИ	прил	тв	им	мн	м	
НА&	пред					
СЕМЪ	мест	м	мест	ед	м	
СВ+ТЕ	сущ	o	мест	ед	м	
НИЧТО&ЖЕ	мест	м	вин	ед	ср	
БЛГW#	прил	o	вин	ед	ср	
СОТВОРИ&ХОМЪ	гл	изъяв	аор гл	1	мн	
ПРОТИВD	пред					
СИХЪ	мест	м	род	мн	м	
Z 187						
СТЫХЪ#	прил	тв	род	мн	м	
СТРАДАНIЮ	сущ	jo	дат	ед	ср	
И&	союз					
МDЧЕНIЮ	сущ	jo	дат	ед	ср	
И	союз					
БIЕНIЮ,	сущ	jo	дат	ед	ср	
ПРЕ&ПОДWБНЫХЪ	прил	тв	род	мн	м	
ЖИТIЮ&	сущ	jo	дат	ед	ср	
НЕ	част					
ПОРЕВНОВАХОМЪ.&	гл	изъяв	аор гл	1	мн	
W	межд					
ГР+ШНIИ	прил	тв	зв	мн	м	
ЧТО	мест	м	вин	ед	ср	
СО&ТВОРИХОМЪ	гл	изъяв	аор гл	1	мн	
ПОИСТИ&Н+	нар					
ДОСТWИНИ	прил	o	им	мн	м	
ЕСМЫ&	гл	изъяв	н/б	1	мн	5
ВСRКОМD	мест	тв	дат	ед	ср	
WСDЖДЕ&НIЮ,	сущ	jo	дат	ед	ср	
И	союз					
БIЕНIЮ.	сущ	jo	дат	ед	ср	
КНЗЬ#&	сущ	jo	им	ед	м	
ЖЕ	част					
*IWАННЪ	сущ	o	им	ед	м	
СТRЖА(в)&	прич	jo	прош	им	ед	м
UМИЛЕНIЕ	сущ	jo	вин	ед	ср	
БЕСПРЕСТА&НИ	нар					
ИСПDЩАШЕ	гл	изъяв	имп	3	ед	
СЛЕЗЫ,&	сущ	a	вин	мн	ж	
И	союз					
ПРЕБЫСТЬ	гл	изъяв	аор гл	3	ед	
В	пред					
ТЕМНИ&Ц+	сущ	ja/a	мест	ед	ж	
И	союз					
ВО	пред					
UЗАХЪ	сущ	a	мест	мн	ж	
WКО&ВАННЫХЪ	прич	тв	прош	мест	мн	ж
ТРИДЕСRТ&	числ	i	вин	мн	ср	
ДВА	числ	тв	вин	дв	м	
Л+ТА.	сущ	o	род	ед	ср	
И	союз					
РАЗБОZ -187 Л+СR	гл/в	изъяв	аор гл	3	ед	
БОЛ+ЗНIЮ	сущ	i	тв	ед	ж	
СМЕ&РТНОЮ,	прил	тв	тв	ед	ж	
И	союз					
НАЧАТЪ	гл	изъяв	аор гл	3	ед	
ИЗ&НЕМОГАТИ,	инф					
И	союз					
ПОЗНА(в)&	прич	jo	прош	им	ед	м
СВОЕ	мест	м	вин	ед	ср	
ПРЕСТАВЛЕНIЕ,	сущ	jo	вин	ед	ср	
И&	союз					
ВОЗЖЕЛ+ВЪ	прич	jo	прош	им	ед	м
ИНОЧЕСКА&ГW	прил	тв	род	ед	м	
ОБРАЗА,	сущ	o	род	ед	м	
И	союз					
ПРИЗ&ВАВЪ	прич	jo	прош	им	ед	м
К	пред					
СЕБ+	мест	личн	возвр	дат	ед	
*СПАСКАГО&	прил	тв	вин/род	ед	м	
ИГDМЕНА	сущ	o	вин/род	ед	м	
*МИСАИЛА,	сущ	o	вин/род	ед	м	
И&	союз					
НАЧАТЪ	гл	изъяв	аор гл	3	ед	
МОЛИТИ	инф					
ЕГО&	мест	м	вин/род	ед	м	
W	пред					
ИНОЧЕСКОМЪ	прил	тв	мест	ед	м	
ОБРА&З+.	сущ	o	мест	ед	м	
ИГDМЕНЪ	сущ	o	им	ед	м	
ЖЕ	част					
*МИ&САИЛО	сущ	o	им	ед	м	
ИЗ	пред					
ЧЮДОТВО&РЦЕВА	прил	o	род	ед	м	
МОНАСТЫРR&	сущ	jo	род	ед	м	
*ДИМИТРIЕВА,	прил	o	род	ед	м	
ПРИ&Л+ЖНО	прил	o	вин	ед	ср	
ЕГW	мест	м	род	ед	м	
МОЛЕ&НIЕ	сущ	jo	вин	ед	ср	
С	пред					
В+РОЮ	сущ	a	тв	ед	ж	
ПРОШЕНIЕ	сущ	jo	вин	ед	ср	
Z 188						
ВИДИТЪ,	гл	изъяв	н/б	3	ед	4
И	союз					
ПОСТРИ&ЖЕ	гл	изъяв	аор пр	3	ед	
ЕГW	мест	м	вин/род	ед	м	
ВО	пред					
ИНОЧЕСКI(И)&	прил	тв	вин	ед	м	
ОБРАЗЪ,	сущ	o	вин	ед	м	
И	союз					
НАРЕЧЕ	гл	изъяв	аор пр	3	ед	
ИМR&	сущ	men	вин	ед	ср	
ЕМD	мест	м	дат	ед	м	
*ИГНАТIЕ,	сущ	jo	им	ед	м	
И	союз					
ПО&	пред					
СЕМЪ	мест	м	мест	ед	ср	
И	союз					
В	пред					
СХИМD	сущ	a	вин	ед	ж	
СОВЕ&РШИЛЪ	гл	изъяв	прош	м	ед	
ЕГW.	мест	м	вин/род	ед	м	
И	союз					
Б+	гл	изъяв	а/имп	3	ед	
РА&ДDRСR	прич/в	jo	наст	им	ед	м
И	союз					
ВЕСЕЛRСR	прич/в	jo	наст	им	ед	м
ВО&	пред					
ОБРАЗ+	сущ	o	мест	ед	м	
АГГЛЬСТ+М#,&	прил	тв	мест	ед	м	*
И	союз					
ПРИЧАСТИСR	гл/в	изъяв	аор гл	3	ед	
ПРЕЧ(с)ТЫ(Х)&	прил	тв	род	мн	ж	
*ХР(с)ТОВЫХЪ	прил	тв	род	мн	ж	
ТАИНЪ,&	сущ	a	род	мн	ж	
И	союз					
ПОСЛ+ДНЕЕ	прил	м	вин	ед	ср	
СЛОВО	сущ	es	вин	ед	ср	
РЕ(к):&	прич	jo	прош	им	ед	м
В	пред					
РDЦ+	сущ	a	вин	дв	ж	*
ТВОИ	мест	м	вин	дв	ж	
ПРЕДАЮ&	гл	изъяв	н/б	1	ед	3
ДХЪ#	сущ	o	вин	ед	м	
МОИ,	мест	м	вин	ед	м	
И	союз					
ПРЕКРЕ&СТИВСR	прич/в	jo	прош	им	ед	м
ПРЕСТАВИСR&	гл/в	изъяв	аор гл	3	ед	
К	пред					
В+ЧНЫМЪ	прил	тв	дат	мн	ж	
WБИТЕЛЕ(М)&	сущ	i	дат	мн	ж	
БРАТЪ	сущ	o	им	ед	м	
ЖЕ	част					
ЕГW	мест	м	род	ед	м	
КНЗЬ#	сущ	jo	им	ед	м	
Z -188						
*ДИМИТРIИ	сущ	jo	им	ед	м	
*АНДР+ЕВИ(ч)&	сущ	jo	им	ед	м	
ПАДЪ	прич	jo	прош	им	ед	м
НА	пред					
МОЩИ	сущ	i	вин	pt	ж	
ЕГW&	мест	м	род	ед	м	
СО	пред					
СЛЕЗАМИ	сущ	a	тв	мн	ж	
UМИЛНО&	нар					
ГЛАГОЛАШЕ:	гл	изъяв	имп	3	ед	
W	межд					
ДРА&ГIИ	прил	тв	зв	ед	м	
МОИ	мест	м	зв	ед	м	
Г(с)ДНЕ	сущ	o	зв	ед	м	
И	союз					
БРА&ТЕ	сущ	o	зв	ед	м	
НЫН+ШНЕЕ	прил	м	им	ед	ср	
МИ&	мест	личн	1	дат	ед	
РАЗЛDЧЕНIЕ	сущ	jo	им	ед	ср	
W(Т)	пред					
ТЕБЕ&	мест	личн	2	род	ед	
ГОРШЕ	прил/ср	jo	им	ед	ср	
ПЕРВАГW	числ/п	тв	род	ед	ср	
W(Т)&	пред					
ОЦА#	сущ	jo	род	ед	м	
РАЗЛDЧИХСR	гл/в	изъяв	аор гл	1	ед	
НО&	союз					
ТЕБЕ	мест	личн	2	вин/род	ед	
ИМ+ХЪ	гл	изъяв	аор гл	1	ед	
UТ+&ХD	сущ	a	вин	ед	ж	
В	пред					
ТЕМНИЦ+	сущ	ja/a	мест	ед	ж	
СЕИ,&	мест	м	мест	ед	ж	
И	союз					
W(Т)	пред					
РАДОСТИ	сущ	i	род	ед	ж	
ВЕЛИКI(R)&	прил	тв	род	ед	ж	
КРИЧАШЕ	гл	изъяв	имп	3	ед	
И	союз					
СЛЕЗЫ	сущ	a	вин	мн	ж	
И&СПDЩАШЕ	гл	изъяв	имп	3	ед	
W(Т)	пред					
БОЛ+ЗНI&	сущ	i	род	ед	ж	
СР(Д)ЧНЫR,	прил	тв	род	ед	ж	
W	межд					
ОЧЕ#	сущ	jo/o	зв	ед	м	*
ПРЕ&ПОДОБНЕ	прил	o	зв	ед	м	
WСТАВИЛ	гл	изъяв	перф	м	ед	пр
Z 189						
МR	мест	личн	1	вин	ед	
ЕСИ	гл	изъяв	перф	2	ед	св
ЕДИНАГW&	прил	тв	вин/род	ед	м	
ПЛАКАТИСR	инф/в					
ГР+ХW(в)&	сущ	o/u	род	мн	м	
СВОИХЪ	мест	м	род	мн	м	
В	пред					
ТЕМНИЦ+,&	сущ	ja/a	мест	ед	ж	
ЧТО	мест	м	вин	ед	ср	
НН+#	нар					
СОТВОРЮ&	гл	изъяв	н/б	1	ед	4
НЕДОUМ+ЮСR,	гл/в	изъяв	н/б	1	ед	3
ГОРЕ&	сущ	jo	им	ед	ср	
МН+,	мест	личн	1	дат	ед	
UВЫ	межд					
МН+	мест	личн	1	дат	ед	
КТО&	мест	тв	им	ед	м	
НН+#	нар					
UТ+ШИТ	гл	изъяв	н/б	3	ед	4
МR,&	мест	личн	1	вин	ед	
КТО	мест	тв	им	ед	м	
НН+#	нар					
ПЕЧАЛЬ&	сущ	i	вин	ед	ж	
МОЮ	мест	м	вин	ед	ж	
ПРЕМЕНИТЪ	гл	изъяв	н/б	3	ед	4
В&	пред					
ТЕМНИЦ+	сущ	ja/a	мест	ед	ж	
СЕИ,	мест	м	мест	ед	ж	
КТО&	мест	тв	им	ед	м	
НАКАЖЕТЪ	гл	изъяв	н/б	3	ед	3
МR.	мест	личн	1	вин	ед	
НО&	союз					
WБАЧЕ	нар					
НА	пред					
ЛИЦЕ	сущ	jo	вин	ед	ср	
ПРЕПО&ДОБНАГW	прил	тв	род	ед	м	
ЗРR	прич	jo	наст	им	ед	м
НЕ&	част					
СМRГЛОСТИ	сущ	i	род	ед	ж	
НИ	част					
ЧЕРНО&СТИ	сущ	i	род	ед	ж	
НЕ	част					
ИМDЩЕ,	прич	jo/en	наст	им	мн	м
НО&	союз					
ИСПОЛНЕНЪ	прич	o	прош	им	ед	м
СВ+ТЛОZ -189 СТИ,	сущ	i	род	ед	ж	
И	союз					
БЛГDЮ#	прил	тв	вин	ед	ж	
ВОНЮ	сущ	ja	вин	ед	ж	
W(Т)&	пред					
Т+ЛЕСИ	сущ	es	род	ед	ср	
ЕГW	мест	м	род	ед	ср	
ИСХОДR&ЩD	прич	ja	наст	вин	ед	ж
ВО	пред					
ВЕСЬ	мест	р/скл	вин	ед	м	
ГРАДЪ	сущ	o	вин	ед	м	
ВС+(М)&	мест	р/скл	дат	мн	м	
СЛЫШАЩИМЪ	прич	м	наст	дат	мн	м
БЛГОUХА&НIЕ#	сущ	jo	вин	ед	ср	
БЛГОВОННО#.	прил	o	вин	ед 	ср	
И	союз					
СТЕ&ЧЕСR	гл/в	изъяв	аор пр	3	ед	
МНWЖЕСТВО	сущ	o	им	ед	ср	
ЛЮ&ДЕИ	сущ	i	род	pt	м	
НА	пред					
ПОГРЕБЕНIЕ	сущ	jo	вин	ед	ср	
ЕГW&	мест	м	род	ед	м	
ИГDМЕНЪ	сущ	o	им	ед	м	
ЖЕ	част					
*МИСАИЛЪ&	сущ	o	им	ед	м	
СО	пред					
ВС+МЪ	мест	р/скл	тв	ед	м	
WСЩЕННЫМ#&	прич	тв	прош	тв	ед	м
СОБWРОМЪ	сущ	o	тв	ед	м	
И	союз					
СКDТАВ&ШЕ	прич	jo/en	прош	им	мн	м
Т+ЛО	сущ	es	вин	ед	ср	
ЕГW	мест	м	род	ед	м	
W(Т)ПD&СТИША	гл	изъяв	аор гл	3	мн	
НА	пред					
ПОГРЕБЕНIЕ&	сущ	jo	вин	ед	ср	
В	пред					
МОНАСТЫРЬ	сущ	jo	вин	ед	м	
ВСЕМИЛО&СТИВАГW	прил	тв	род	ед	м	
*СПАСА	сущ	o	род	ед	м	
НА	пред					
*ПРИ&ЛDКЪ	сущ	o	вин	ед	м	
К	пред					
ЧЮДОТВОРЦD&	сущ	jo	дат	ед	м	
*ДИМИТРIЮ,	сущ	jo	дат	ед	м	
И	союз					
ПОГРЕБОZ 190 ША	гл	изъяв	аор нов	3	мн	
ЕГW	мест	м	вин/род	ед	м	
ЧЕСТНО	нар					
СО&	пред					
QАЛМЫ	сущ	o	тв	мн	м	
И	союз					
П+НIЕМЪ,	сущ	jo	тв	ед	ср	
И&	союз					
ПОЛОЖИША	гл	изъяв	аор гл	3	мн	
МWЩИ&	сущ	i	вин	pt	ж	
ЕГW	мест	м	род	ед	м	
В	пред					
*ДИМИТРIЕВ+&	прил	o	мест	ед	м	
МОНАСТЫР+	сущ	jo/o	мест	ед	м	
ЧЮДОТВО&РЦОВ+,	прил	o	мест	ед	м	
В	пред					
ЦРКВИ#	сущ	uu	мест	ед	ж	
З	пред					
*ДИ&МИТРIЕМЪ	сущ	jo	тв	ед	м	
ЧЮДОТВО&РЦЕМЪ	сущ	jo	тв	ед	м	
РАВНО.	нар					
И	союз					
W(Т)	пред					
МО&ЩЕИ	сущ	i	род	pt	ж	
ЕГW	мест	м	род	ед	м	
МНWГА	прил	o	им	мн	ср	
ИСЦ+&ЛЕНIR	сущ	jo	им	мн	ср	
БЫВАЮТЪ	гл	изъяв	н/б	3	мн	3
ПРИ&ХОДRЩИМЪ	прич	м	наст	дат	мн	м
С	пред					
В+РОЮ&	сущ	a	тв	ед	ж	
И	союз					
ДО	пред					
СЕГW	мест	м	род	ед	м	
ДНI,	сущ	en/i	род	ед	м	
ВСRКI(М)&	мест	тв	дат	мн	м	
НЕДDГWМЪ	сущ	o	дат	мн	м	
ИСЦ+ЛЕНIЕ&	сущ	jo	вин	ед	ср	
ПРIЕМЛЮЩЕ.	прич	jo/en	наст	им	мн	м
ПРЕСТА&ВИСR	гл/в	изъяв	аор гл	3	ед	
БЛГОВ+РНЫ(И)#	прил	тв	им	ед	м	
КНR(З)&	сущ	jo	им	ед	м	
*IWАННЪ	сущ	o	им	ед	м	
ВО	пред					
ИНОЦ+ХЪ	сущ	o	мест	мн	м	*
Z -190						
*ИГНАТIИ	сущ	jo	им	ед	м	
СХИМНИКЪ.&	сущ	o	им	ед	м	
В	пред					
Л+ТО	сущ	o	вин	ед	ср	
$ЗЛ(г)#.	числ/п	тв	род	ед	ср	
ПРИ	пред					
ДЕР&ЖАВ+	сущ	a	мест	ед	ж	
Г(с)ДРR	сущ	jo	род	ед	м	
ВЕЛИКАГW&	прил	тв	род	ед	м	
КНRЗR	сущ	jo	род	ед	м	
*ВАСИЛIR	сущ	jo	род	ед	м	
*IWА&ННОВИЧА,	сущ	jo	род	ед	м	
НА	пред					
ПАМRТ&	сущ	i	вин	ед	ж	
СЩЕННОМDЧЕНИКА#	сущ	o	род	ед	м	
*ПА&ТРИКIR	сущ	jo	род	ед	м	
ЕПИСКОПА	сущ	o	род	ед	м	
*ПРD&СКАГW.	прил	тв	род	ед	м	
М(с)ЦА	сущ	jo	род	ед	м	
МАIR,&	сущ	jo	род	ед	м	
ВЪ	пред					
FI#,	19					
ДНЬ#.	сущ	en	вин	ед	м	
И	союз					
ПОЛО&ЖИША	гл	изъяв	аор гл	3	мн	
МОЩИ	сущ	i	вин	pt	ж	
ПРЕПОДО&БНАГW	прил	тв	род	ед	м	
U	пред					
ВСЕМИЛОСТИ&ВАГW	прил	тв	род	ед	м	
*СПСА#	сущ	o	род	ед	м	
ВЪ	пред					
*ДИМИ&ТРIЕВ+	прил	o	мест	ед	м	
МОНАСТЫР+&	сущ	jo/o	мест	ед	м	
ЧЮДОТВОРЦОВ+	прил	o	мест	ед	м	
ПОД&	пред					
WЛТАРЕМЪ	сущ	jo	тв	ед	м	
З	пред					
*ДИМИ&ТРIЕМЪ	сущ	jo	тв	ед	м	
ЧЮДОТВОРЦЕ(М)	сущ	jo	тв	ед	м	
Z 191						
РАВНО,	нар					
И	союз					
W(Т)	пред					
МОЩЕИ	сущ	i	род	pt	ж	
ЕГW&	мест	м	род	ед	м	
МНWГА	прил	o	им	мн	ср	
ИСЦ+ЛЕНIR	сущ	jo	им	мн	ср	
БЫ&ВАЮТЪ.	гл	изъяв	н/б	3	мн	3
НЕ	част					
МОЩНО	нар					
ЖЕ&	част					
И	союз					
ПИСАНIЮ	сущ	jo	дат	ед	ср	
ПРЕДАТИ	инф					
ЯЖЕ&	мест	м	вин	мн	ср	
БГЪ#	сущ	o	им	ед	м	
ДАРDЕТЪ	гл	изъяв	н/б	3	ед	3
ПРИХОДR&ЩИМЪ	прич	м	наст	дат	мн	м
КО	пред					
ГРОБD	сущ	o	дат	ед	м	
ИЖЕ&	мест	м	им	мн	м	
С	пред					
В+РОЮ.	сущ	a	тв	ед	ж	
СЛ+ПIИ	прил	тв	им	мн	м	
ПРОСВ+&ЩАХDСR,	гл/в	изъяв	имп	3	мн	
РАЗСЛАБЛЕНI&И	прич	тв	прош	им	мн	м
ХОЖДАХD,	гл	изъяв	имп	3	мн	
Б+СНDЮ&ЩIИ	прич	м	наст	им	мн	м
ИСЦ+ЛЕВАХD	гл	изъяв	имп	3	мн	
И	союз					
АЦ+(М)&	мест	тв	тв	ед	м	*
ЖЕ	част					
НЕДDГОМЪ	сущ	o	тв	ед	м	
WДЕР&ЖИМИ	прич	o	наст	им	мн	м
ЗДРАВИ	прил	o	им	мн	м	
W(Т)ХОЖ&ДАХD	гл	изъяв	имп	3	мн	
В	пред					
ДWМЫ	сущ	u	вин	мн	м	
СВОR,&	мест	м	вин	мн	м	
СЛАВRЩЕ	прич	jo/en	наст	им	мн	м
ОЦА#	сущ	jo	вин/род	ед	м	
И	союз					
СНА#	сущ	u/o	вин/род	ед	м	
И&	союз					
СТАГW#	прил	тв	вин/род	ед	м	
ДХА#,	сущ	o	вин/род	ед	м	
И	союз					
СТЫХЪ#&	прил	тв	вин/род	мн	м	
ЧЮДОТВОРЦЕВЪ	сущ	jo/u	вин/род	мн	м	
*ДИМИZ -191 ТРIR	сущ	jo	вин/род	ед	м	
I	союз					
*ИГНАТIR,	сущ	jo	вин/род	ед	м	
НО&	союз					
UБW	част					
СОБРАВШЕ	прич	jo/en	прош	им	мн	м
W(Т)	пред					
МНО&ГИХЪ	прил	тв	род	мн	ср	
ВОЕДИНО	нар					
ЯКW&	союз					
ЦВ+ТКИ,	сущ	o	вин	мн	м	+о
ДА	част					
НЕ	част					
UМОЛ&ЧАНО	прич	o	прош	им	ед	ср
БDДЕТЪ	гл	изъяв	буд	3	ед	1
ЖИТIЕ&	сущ	jo	им	ед	ср	
ЕГW	мест	м	род	ед	м	
ЧЮДОТВОРЦА,&	сущ	jo	род	ед	м	
ПРИСНОПАМRТНАГW	прил	тв	род	ед	м	
МD&ЖА,	сущ	jo	род	ед	м	
НО	союз					
ЦРЬСКАГW#	прил	тв	род	ед	м	
КО&РЕНИ	сущ	en/i	род	ед	м	
W(Т)РАСЛЬ	сущ	i	им	ед	ж	
ПОИСТИ&Н+	нар					
НЕЗАБВЕННА	прич	a	прош	им	ед	ж
БDДЕ(Т),&	гл	изъяв	буд	3	ед	1
НЕ	част					
ТОКМО	нар					
В	пред					
ЖИВОТ+&	сущ	o	мест	ед	м	
БГЪ#	сущ	o	им	ед	м	
ПРОСЛАВЛRЮЩЫХЪ&	прич	м	наст	вин/род	мн	м
ЕГW	мест	м	вин/род	ед	м	
ПРОСЛАВЛRЕТЪ&	гл	изъяв	н/б	3	ед	3
НО	союз					
И	союз					
ПО	пред					
СМЕРТИ	сущ	i	мест	ед	ж	
БЫТИ&	инф					
ЯВЛЕННА	прич	o	прош	вин/род	ед	м
МНWГИМИ	прил	тв	тв	мн	ср	
И&	союз					
РАЗЛИЧНЫМИ	прил	тв	тв	мн	ср	
ЧЮДЕСЫ,	сущ	es	тв	мн	ср	
Z 192						
W(Т)	пред					
НИХЪЖЕ	мест	м	род	мн	ср	
ДА	част					
РЕЧЕТСR&	гл/в	изъяв	н/б	3	ед	1
МАЛО	прил	o	им	ед	ср	
W(Т)	пред					
МНWГИХЪ.&	прил	тв	род	мн	ср	
ЧЮДО,	сущ	es	им	ед	ср	
А#.	1					
W	пред					
РАЗСЛАБЛЕ&Н+И	прич	тв	прош	мест	ед	ж
ЖЕН+.&	сущ	a	мест	ед	ж	
UСЛЫШАВШЕ	прич	ja/en	прош	им	ед/мн	ж/м
Н+КАR	мест	тв	им	ед	ж	
ЖЕ&НА	сущ	a	им	ед	ж	
ВО	пред					
ГРАД+	сущ	o	мест	ед	м	
ЖИВDЩЕ&	прич	ja/en	наст	им	ед/мн	ж/м
НА	пред					
ПОСАД+	сущ	o	мест	ед	м	
U	пред					
*ЕГОРГIR&	сущ	jo	род	ед	м	
СТАГW#,	прил	тв	род	ед	м	
ИМRНЕМЪ	сущ	men	тв	ед	ср	
*А&ЛЕLАНДРА,	сущ	a	им	ед	ж	
ПРЕСТАВЛЕ&НIЕ	сущ	jo	вин	ед	ср	
СЕГW	мест	м	род	ед	м	
БЛГОВ+РНАГО#&	прил	тв	род	ед	м	
КНЗR#	сущ	jo	род	ед	м	
*ИГНАТIR	сущ	jo	род	ед	м	
ЧЮДО&ТВОРЦА.	сущ	jo	род	ед	м	
ЖЕНА	сущ	a	им	ед	ж	
ЖЕ	част					
ТА&	мест	тв	им	ед	ж	
БОЛНА	прил	a	им	ед	ж	
ВС+МЪ	мест	р/скл	тв	ед	ср	
Т+ЛО(М)&	сущ	es/o	тв	ед	ср	
РАЗСЛАБЛЕНА	прич	a	прош	им	ед	ж
НЕ	част					
ВЛАД+&RШЕ	гл	изъяв	имп	3	ед	
НИ	част					
РDКАМИ	сущ	a	тв	мн	ж	
НИ&	част					
НWГАМИ,	сущ	a	тв	мн	ж	
И	союз					
UСЛЫШАВ&ШИ	прич	ja	прош	им	ед	ж
Z -192						
ПРЕСТАВЛЕНIЕ	сущ	jo	вин	ед	ср	
БЛГОВ+&РНАГW#	прил	тв	род	ед	м	
КНЗR#	сущ	jo	род	ед	м	
*ИГНАТIR&	сущ	jo	род	ед	м	
ЧЮДОТВОРЦА.	сущ	jo	род	ед	м	
И	союз					
НАЧА&	гл	изъяв	аор гл	3	ед	
ПРИЗЫВАТИ	инф					
ЕГW	мест	м	вин/род	ед	м	
НА&	пред					
МОЛИТВD	сущ	a	вин	ед	ж	
СО	пред					
СЛЕЗАМИ&	сущ	a	тв	мн	ж	
ОНА	мест	тв	им	ед	ж	
В	пред					
ДОМD	сущ	u	мест	ед	м	
СВОЕМЪ.&	мест	м	мест	ед	м	
ЛЕЖАШЕ	гл	изъяв	имп	3	ед	
НА	пред					
ОДР+	сущ	o	мест	ед	м	
СВО&ЕМЪ,	мест	м	мест	ед	м	
И	союз					
В	пред					
ТОИ	мест	тв	вин	ед	м	
ЧАСЪ	сущ	o	вин	ед	м	
А&БIЕ	нар					
WЧЮТИ	гл	изъяв	аор гл	3	ед	
СЕБЕ,	мест	личн	возвр	вин/род		
И&	союз					
АБIЕ	нар					
БЫСТЬ	гл	изъяв	аор гл	3	ед	
ЗДРАВА&	прил	a	им	ед	ж	
НОГАМИ	сущ	a	тв	мн	ж	
СВОИМИ	мест	м	тв	мн	ж	
МО&ЛИТВАМИ	сущ	a	тв	мн	ж	
СТАГW#.&	прил	тв	род	ед	м	
ЕГДА	союз					
ЖЕ	част					
ПОНЕСОША	гл	изъяв	аор нов	3	мн	
МО&ЩИ	сущ	i	вин	pt	ж	
ЕГW	мест	м	род	ед	м	
К	пред					
СОБОРНОИ&	прил	тв	дат	ед	ж	
ЦРКВИ#	сущ	uu	дат	ед	ж	
К	пред					
*ВОСКР(с)НIЮ	сущ	jo	дат	ед	ср	
*Х(с)ВD&	прил	o	дат	ед	ср	
НА	пред					
СЛDЖБD,	сущ	a	вин	ед	ж	
ОНА	мест	тв	им	ед	ж	
ЖЕ	част					
ПОZ 193 ВЕЛ+	гл	изъяв	аор гл	3	ед	
СЕБЕ	мест	личн	возвр	вин/род		
ВЕСТИ	инф					
ВО&СЛ+ДЪ	пред					
ЕГW,	мест	м	род	ед	м	
И	союз					
ПРИКО&СНDСR	гл/в	изъяв	аор гл	3	ед	
К	пред					
НЕМD	мест	м	дат	ед	м	
С	пред					
В+РОЮ,&	сущ	a	тв	ед	ж	
И	союз					
АБIЕ	нар					
БЫСТЬ	гл	изъяв	аор гл	3	ед	
ЗДРАВА&	прил	a	им	ед	ж	
ВС+МЪ	мест	р/скл	тв	ед	ср	
Т+ЛОМЪ	сущ	es/o	тв	ед	ср	
СВО&ИМЪ,	мест	м	тв	ед	ср	
И	союз					
W(Т)ИДЕ	гл	изъяв	аор пр	3	ед	
В	пред					
ДОМ&	сущ	u	вин	ед	м	
СВОИ	мест	м	вин	ед	м	
РАДDRСR	прич/в	ja/jo	наст	им	ед	ж/м
ВЕЛМИ.&	нар					
СЛАВRЩЕ	прич	ja/en	наст	им	ед/мн	ж/м
БГА#	сущ	o	вин/род	ед	м	
И	союз					
UГОД&НИКА	сущ	o	вин/род	ед	м	
ЕГW	мест	м	род	ед	м	
*ИГНАТIR&	сущ	jo	вин/род	ед	м	
ЧЮДОТВОРЦА.&	сущ	jo	вин/род	ед	м	
ЧЮДО,	сущ	es	им	ед	ср	
В#:&	2					
Н+КIИ	мест	тв	им	ед	м	
ЧЛКЪ#	сущ	o	им	ед	м	
ИМRНЕ(М)&	сущ	men	тв	ед	ср	
*МИХАИЛЪ.	сущ	o	им	ед	м	
БЛИЗЪ	пред					
О&БИТЕЛИ	сущ	i	род	ед	ж	
ПРП(Д)БНАГW&	прил	тв	род	ед	м	
*ДИМИТРIR	сущ	jo	род	ед	м	
ЧЮДОТВО&РЦА,	сущ	jo	род	ед	м	
БОЛЕНЪ	прил	o	им	ед	м	-е
БЫСТЬ	гл	изъяв	аор гл	3	ед	
Z -193						
КОНЕЧНОЕ	нар					
СР(Д)ЧНОЮ	прил	тв	тв	ед	ж	
БО&Л+ЗНIЮ,	сущ	i	тв	ед	ж	
И	союз					
ПРОЧЕЕ	нар					
ВС+(М)&	мест	р/скл	тв	ед	м	
НDТРЕМЪ,	сущ	jo	тв	ед	м	
И	союз					
UЖЕ	нар					
КЪ&	пред					
СМЕРТИ	сущ	i	дат	ед	ж	
ТОМИМОМD,&	прич	тв	наст	дат	ед	м
И	союз					
UСЛЫШАВЪ	прич	jo	прош	им	ед	м
В	пред					
МОНАС(Т)Ы&РИ	сущ	jo	мест	ед	м	
ПОГРЕБЕНIЕ	сущ	jo	вин	ед	ср	
БЛГОВ+&РНАГW#	прил	тв	род	ед	м	
КНЗR#	сущ	jo	род	ед	м	
*ИГНАТI&R	сущ	jo	род	ед	м	
ЧЮДОТВОРЦА,	сущ	jo	род	ед	м	
И	союз					
ПО&ВЕЛ+	гл	изъяв	аор гл	3	ед	
СЕБЕ	мест	личн	возвр	вин/род		
ВЕСТИ	инф					
ВЪ&	пред					
МОНАСТЫРЬ,	сущ	jo	вин	ед	м	
И	союз					
НА	пред					
СЛD&ЖБ+	сущ	a	мест	ед	ж	
ПРИЛОЖИСR	гл/в	изъяв	аор гл	3	ед	4
СО&	пред					
СЛЕЗАМИ	сущ	a	тв	мн	ж	
К	пред					
МОЩЕМЪ&	сущ	i	дат	pt	ж	
ЕГW,	мест	м	род	ед	м	
И	союз					
БЫСТЬ	гл	изъяв	аор гл	3	ед	
ЗДРАВ&	прил	o	им	ед	м	
ВС+МЪ	мест	р/скл	тв	ед	ср	
Т+ЛОМЪ	сущ	es/o	тв	ед	ср	
СВО&ИМЪ,	мест	м	тв	ед	ср	
НЕ	част					
WЧЮТИ	гл	изъяв	аор гл	3	ед	
В	пред					
СЕ&Б+	мест	личн	возвр	мест		
И	союз					
НЕ	част					
WБР+ТЕ	гл	изъяв	аор пр	3	ед	
БОZ 194 Л+ЗНИ,	сущ	i	род	ед	ж	
И	союз					
W(Т)ИДЕ	гл	изъяв	аор пр	3	ед	
В	пред					
ДО(М)&	сущ	u	вин	ед	м	
СВОИ	мест	м	вин	ед	м	
РАДDRСR,	прич/в	jo	наст	им	ед	м
СЛАВR&	прич	jo	наст	им	ед	м
БГА#	сущ	o	вин/род	ед	м	
И	союз					
ЕГW	мест	м	род	ед	м	
UГОДНИКА&	сущ	o	вин/род	ед	м	
БЛГОВ+РНАГW#	прил	тв	вин/род	ед	м	
КНRЗR&	сущ	jo	вин/род	ед	м	
*ИГНАТIR	сущ	jo	вин/род	ед	м	
ЧЮДОТВОРЦА&	сущ	jo	вин/род	ед	м	
ДАВШЕГW	прич	м	прош	вин/род	ед	м
ЕМD	мест	м	дат	ед	м	
ВЪСКО&Р+	нар					
ИСЦ+ЛЕНIЕ.&	сущ	jo	вин	ед	ср	
ЧЮДО,	сущ	es	им	ед	ср	
Г#:&	3					
ЧЛКЪ#	сущ	o	им	ед	м	
Н+КIИ	мест	тв	им	ед	м	
ИМRНЕ(М)&	сущ	men	тв	ед	ср	
*ДАВЫДЪ,	сущ	o	им	ед	м	
ЖИВDЩD&	прич	jo	наст	дат	ед	м
ЕМD	мест	м	дат	ед	м	
В	пред					
СЕЛ+	сущ	o	мест	ед	ср	
ПРЕПОДО&БНАГW	прил	тв	род	ед	м	
*ДИМИТРIR	сущ	jo	род	ед	м	
ЧЮ&ДОТВОРЦА	сущ	jo	род	ед	м	
ЗОТЧIИ&	сущ	jo	им	ед	м	
КАМЕННОИ.	прил	тв	им	ед	м	
И	союз					
Д+ЛАЮ&ЩD	прич	jo	наст	дат	ед	м
ЕМD	мест	м	дат	ед	м	
ГРОБНИЦD	сущ	ja	вин	ед	ж	
КА&МЕННDЮ	прил	тв	вин	ед	ж	
НА(Д)	пред					
БЛГОВ+РНЫ(М)#	прил	тв	тв	ед	м	
Z -194						
КНЗЕМЪ#	сущ	jo	тв	ед	м	
*ИГНАТIЕМЪ&	сущ	jo	тв	ед	м	
ПРЕПОДОБНЫМЪ.	прил	тв	тв	ед	м	
И	союз					
НЕ&В+ЖЕСТВIЕМЪ	сущ	jo	тв	ед	ср	
СВОИМ&	мест	м	тв	ед	ср	
ЗАПРОСТО	нар					
С+ДЕ	гл	изъяв	аор пр	3	ед	
НА&	пред					
ГРОБНИЦD	сущ	ja	вин	ед	ж	
СТАГW#,	прил	тв	род	ед	м	
И&	союз					
В	пред					
ТОМЪ	мест	тв	мест	ед	м	
ЧАС+	сущ	o	мест	ед	м	
АБIЕ&	нар					
БЫСТЬ	гл	изъяв	аор гл	3	ед	
WТОКЪ	сущ	o	им	ед	м	
ВЕЛИ(к)&	прил	o	им	ед	м	
НА	пред					
С+ДАЛИЩИ	сущ	jo	мест	ед	ср	
ЕГW,	мест	м	род	ед	м	
И&	союз					
WДЕРЖИМЪ	прич	o	наст	им	ед	м
БЫСТЬ	гл	изъяв	аор гл	3	ед	
ТО&Ю	мест	тв	тв	ед	ж	
БОЛ+ЗНIЮ	сущ	i	тв	ед	ж	
ТРI	числ	i	вин	мн	м/ж	
ДНI&	сущ	en	вин	мн	м	
И	союз					
ХОДИТИ,	инф					
НИ	част					
С+Д+ТИ&	инф					
МОГIИ.	прич	м	наст	им	ед	м
ОНЪ	мест	тв	им	ед	м	
ЖЕ	част					
ПО&ЗНА	гл	изъяв	аор гл	3	ед	
СВОЕ	мест	м	вин	ед	ср	
СОГР+ШЕ&НIЕ,	сущ	jo	вин	ед	ср	
И	союз					
ПРИШЕДЪ	прич	jo	прош	им	ед	м
К	пред					
Ц+Л&БОНОСН+И	прил	тв	дат	ед	ж	
ЕГW	мест	м	род	ед	м	
РА&Ц+	сущ	a	дат	ед	ж	*
БЛГОВ+РНА(г)#	прил	тв	род	ед	м	
КНЗR#	сущ	jo	род	ед	м	
Z 195						
*ИГНАТIR.	сущ	jo	род	ед	м	
И	союз					
НАЧАТЪ&	гл	изъяв	аор гл	3	ед	
МОЛИТИСR	инф/в					
СО	пред					
СЛЕЗАМI&	сущ	a	тв	мн	ж	
И	союз					
ПРОЩЕНIR	сущ	jo	род	ед	ср	
ПРОСR	прич	jo	наст	им	ед	м
W&	пред					
СВОИХЪ	мест	м	мест	мн	ср	
СОГР+ШЕНIИ	сущ	jo	мест	ед	ср	
И&	союз					
НЕВ+ЖСТВIИ,	сущ	jo	мест	ед	ср	
И	союз					
БЫСТЬ&	гл	изъяв	аор гл	3	ед	
ЗДРАВЪ	прил	o	им	ед	м	
В	пред					
ЧАС+	сущ	o	мест	ед	м	
ТОМЪ&	мест	тв	мест	ед	м	
И	союз					
ПРОСЛАВИ	гл	изъяв	аор гл	3	ед	
БГА#	сущ	o	вин/род	ед	м	
И	союз					
ПРЕПО&ДОБНАГW	прил	тв	вин/род	ед	м	
*ИГНАТIR	сущ	jo	вин/род	ед	м	
ЧЮ&ДОТВОРЦА,	сущ	jo	вин/род	ед	м	
ЯКW	союз					
НИ&КОЛИЖЕ	нар					
ЕМD	мест	м	дат	ед	м	
БОЛ+В&ШD,	прич	jo	прош	дат	ед	м
И	союз					
ДОД+ЛАВЪ	прич	jo	прош	им	ед	м
ГРО&БНИЦD	сущ	ja	вин	ед	ж	
ЧЮДОТВОРЦЕВD&	прил	a	вин	ед	ж	
И	союз					
W(Т)ИДЕ	гл	изъяв	аор пр	3	ед	
В	пред					
ДОМЪ	сущ	u	вин	ед	м	
СВОИ&	мест	м	вин	ед	м	
РАДDRСR,	прич/в	jo	наст	им	ед	м
И	союз					
СЛАВR	прич	jo	наст	им	ед	м
БГА#&	сущ	o	вин/род	ед	м	
И	союз					
UГОДНИКА	сущ	o	вин/род	ед	м	
ЕГW	мест	м	род	ед	м	
БЛА&ГОВ+РНАГW	прил	тв	вин/род	ед	м	
КНЗR#	сущ	jo	вин/род	ед	м	
*ИГНАZ -195 ТIR	сущ	jo	вин/род	ед	м	
ЧЮДОТВОРЦА.&	сущ	jo	вин/род	ед	м	
ЧЮДО,	сущ	es	им	ед	ср	
Д#:&	4					
ЖЕНА	сущ	a	им	ед	ж	
Н+КАR	мест	тв	им	ед	ж	
ИМRНЕМ&	сущ	men	тв	ед	ср	
*СОЛОМОНIR,	сущ	ja	им	ед	ж	
ЖИВDЩИ&	прич	ja	наст	им	ед	ж
В	пред					
СЕЛ+	сущ	o	мест	ед	ср	
ПРЕПОДОБНАГW&	прил	тв	род	ед	м	
*ДИМИТРIR	сущ	jo	род	ед	м	
ЧЮДОТВО&РЦА.	сущ	jo	род	ед	м	
Б+	гл	изъяв	а/имп	3	ед	
ЕДИНЫМЪ&	числ	тв	тв	ед	ср	
ОКОМЪ	сущ	es/o	тв	ед	ср	
СЛ+ПА,	прил	a	им	ед	ж	
К#&	20					
Л+ТЪ.	сущ	o	род	мн	ср	
И	союз					
WБ+МА	числ	тв	тв	дв	м	
СЛD&ХИ	сущ	o	тв	мн	м	
НЕ	част					
СЛЫШАШЕ,	гл	изъяв	имп	3	ед	
И	союз					
U&СЛЫША	гл	изъяв	аор гл	3	ед	
ПРЕСЛАВНАR	прил	тв	вин	мн	ср	
ЧЮ&ДЕСА	сущ	es	вин	мн	ср	
ПРЕПОДОБНАГW&	прил	тв	род	ед	м	
КНRЗR	сущ	jo	род	ед	м	
*ИГНАТIR	сущ	jo	род	ед	м	
ЧЮ&ДОТВОРЦА.	сущ	jo	род	ед	м	
И	союз					
ПРИШЕДЪ&	прич	ja/jo	прош	им	ед	ж/м
В	пред					
МОНАСТЫРЬ	сущ	jo	вин	ед	м	
НАЧА	гл	изъяв	аор гл	3	ед	
МО&ЛИТИСR	инф/в					
Г(с)ДD	сущ	i/o	дат	ед	м	
БГD#	сущ	o	дат	ед	м	
И	союз					
ПРИZ 196 ЗЫВАТИ	инф					
НА	пред					
ПОМОЩЬ&	сущ	i	вин	ед	ж	
С	пред					
В+РОЮ	сущ	a	тв	ед	ж	
СТАГW#,	прил	тв	вин/род	ед	м	
И	союз					
В+&РD	сущ	a	вин	ед	ж	
ВЕЛИКD	прил	a	вин	ед	ж	
К	пред					
НЕМD	мест	м	дат	ед	м	
И&М+R,	прич	ja/jo	наст	им	ед	ж/м
И	союз					
ПРИЛОЖИСR&	гл/в	изъяв	аор гл	3	ед	
КО	пред					
ГРОБD	сущ	o	дат	ед	м	
ЕГW	мест	м	род	ед	м	
СО	пред					
СЛЕ&ЗАМИ.	сущ	a	тв	мн	ж	
W	межд					
ВЕЛИКОЕ&	прил	тв	им	ед	ср	
БЖIЕ#	прил	jo	им	ед	ср	
МИЛОСЕРДIЕ	сущ	jo	им	ед	ср	
И	союз					
ЧЮ&ДОТВОРЦА	сущ	jo	род	ед	м	
ПРЕПОДОБ&НАГW	прил	тв	род	ед	м	
КНЗR#	сущ	jo	род	ед	м	
*ИГНАТIR&	сущ	jo	род	ед	м	
В	пред					
ТОИ	мест	тв	вин	ед	м	
ЧАСЪ	сущ	o	вин	ед	м	
ПРОЗР+&	гл	изъяв	аор гл	3	ед	
ОКОМЪ,	сущ	es/o	тв	ед	ср	
И	союз					
UШЫМА	сущ	es/i	тв	дв	ср	
U&СЛЫША	гл	изъяв	аор гл	3	ед	
И	союз					
БЫСТЬ	гл	изъяв	аор гл	3	ед	
ЗДРА&ВА,	прил	a	им	ед	ж	
МОЛИТВАМИ	сущ	a	тв	мн	ж	
ПРЕ&ПОДОБНАГW	прил	тв	род	ед	м	
КНRЗR&	сущ	jo	род	ед	м	
*ИГНАТIR,	сущ	jo	род	ед	м	
И	союз					
W(Т)ИДЕ	гл	изъяв	аор пр	3	ед	
ВЪ&	пред					
ДОМЪ	сущ	u	вин	ед	м	
СВОИ	мест	м	вин	ед	м	
РАДDЮЩИ&СR,	прич/в	ja	наст	им	ед	ж
Z -196						
ИЖЕ	союз					
ТАКОВDЮ	мест	тв	вин	ед	ж	
БЛАГО&ДАТЬ	сущ	i	вин	ед	ж	
ДАРОВАВШАГW&	прич	м	прош	вин/род	ед	м
СВОЕМD	мест	м	дат	ед	м	
UГОДНИКD	сущ	o	дат	ед	м	
И&	союз					
ЧЮДОТВОРЦD	сущ	jo	дат	ед	м	
*ИГНАТIЮ.&	сущ	jo	дат	ед	м	
НО	союз					
ЧТО	мест	м	вин	ед	ср	
ЕЩЕ	нар					
ГЛАГОЛЮ&	гл	изъяв	н/б	1	ед	3
ПОСТИГАЕТЪ	гл	изъяв	н/б	3	ед	3
БО	союз					
МR&	мест	личн	1	вин	ед	
ПОВ+СТВDЮЩАГW	прич	м	наст	вин/род	ед	м
ПО&В+СТЬ	сущ	i	вин	ед	ж	
W	пред					
ЧЮДЕС+ХЪ	сущ	es	мест	мн	ср	
ЕГО&	мест	м	род	ед	м	
ВРЕМR,	сущ	men	им	ед	ср	
МНWГАR	прил	тв	им	мн	ср	
ЖЕ&	част					
I	союз					
ИНАR	мест	тв	им	мн	ср	
W	пред					
ЧЮДЕС+ХЪ	сущ	es	мест	мн	ср	
Е(г)&	мест	м	род	ед	м	
UДИВЛЕНIЮ	сущ	jo	дат	ед	ср	
ДОСТОИНА&	прил	o	им	мн	ср	
ИЖЕ	мест	м	вин	мн	м	
СОТВОРИ	гл	изъяв	аор гл	3	ед	4
БГЪ#,&	сущ	o	им	ед	м	
СТЫМЪ#	прил	тв	тв	ед	м	
UГWДНИКО(М)&	сущ	o	тв	ед	м	
СВОИМЪ	мест	м	тв	ед	м	
ЕЛИКА	мест	тв	им	мн	ср	
НЕ	част					
ПРЕ&ДАНА	прич	o	прош	им	мн	ср
ЗД+	нар					
МНWЖЕ&СТВА	сущ	o	род	ед	ср	
РАДИ	посл					
ЧЮДЕСЪ,	сущ	es	род	мн	ср	
Z 197						
ЯКW	союз					
ИСТОЧНИКЪ	сущ	o	им	ед	м	
НЕИС&ЧЕРПАЕМЪ	прич	o	наст	им	ед	м
ТАКОВА	мест	тв	им	мн	ср	
ТЕ&ЧЕНIR,	сущ	jo	им	мн	ср	
ТАКОВАГW	мест	тв	род	ед	м	
ЧЮ&ДЕСЪ	сущ	es	род	мн	ср	
Д+ИСТВIR,	сущ	jo	им	мн	ср	
ТАКО&ВА	мест	тв	им	мн	ср	
ЧЮДОТВОРЦА	сущ	jo	род	ед	м	
ИСПРА&ВЛЕНIR,	сущ	jo	им	мн	ср	
ТАКОВЫ	мест	тв	им/вин	мн	м	
ТРD&ДЫ	сущ	o	им/вин	мн	м	
ИМИЖЕ	мест	м	тв	мн	м	
W(Т)	пред					
ЮНОСТИ&	сущ	i	род	ед	ж	
В	пред					
ТЕМНИЦ+	сущ	ja/a	мест	ед	ж	
ЗАТОЧЕН,&	прич	o	прош	им	ед	м
И	союз					
БГD#	сущ	o	дат	ед	м	
UГОДИ.	гл	изъяв	аор гл	3	ед	
И	союз					
ЕЛIКА&	мест	тв	им	ед	ж	
W(Т)	пред					
НАСЪ	мест	личн	1	род	мн	
ПОСТИЖНА	прил	a	им	ед	ж	
ПО&ХВАЛА	сущ	a	им	ед	ж	
ПРЕИЗRЩН+(И)ШИ&	прил/ср	ja	им	ед	ж	
В	пред					
ДОБРОД+ТЕЛЕХЪ	сущ	i	мест	мн	ж	
ПРЕ&ВЫСОЧАИШIИ,	прил/ср	м	им	ед	м	
БГОВИ#	сущ	o/u	дат	ед	м	
ПРЕ(Д)&СТОR	прич	jo	наст	им	ед	м
И	союз					
НАСЪ	мест	личн	1	вин/род	мн	
НЕ	част					
ПРЕ(З)РИ.&	гл	повел	2	ед	4	
НН+#	нар					
UБW	част					
ЛИКDЕШИ	гл	изъяв	н/б	2	ед	3
СО&	пред					
БЕЗПЛWТНЫМИ,	прил	тв	тв	мн	м	
*ХР(с)ТА	сущ	o	вин/род	ед	м	
Z -197						
НЕПРЕСТАННО	нар					
СЛАВОСЛО&ВR,	прич	jo	наст	им	ед	м
ТОГW	мест	тв	вин/род	ед	м	
UБW	част					
МО&ЛИ,	гл	повел		2	ед	4
ТОМD	мест	тв	дат	ед	м	
ПОМОЛИ&СR	гл/в	повел		2	ед	4
ПРП(Д)БНЕ,	прил	o	зв	ед	м	
И	союз					
W	пред					
ВС+Х&	мест	р/скл	мест	мн	м	
ЛЮДRХЪ,	сущ	i/ja	мест	pt	м	
ЗАЩИЩАR&	прич	jo	наст	им	ед	м
И	союз					
СОБЛЮДАR	прич	jo	наст	им	ед	м
И	союз					
ЗАСТD&ПАR,	прич	jo	наст	им	ед	м
И	союз					
W	пред					
БЛГОЧЕСТИ&ВЫХЪ#	прил	тв	мест	мн	м	
ВЕЛИКИХЪ	прил	тв	мест	мн	м	
КНR&З+ХЪ	сущ	jo/o	мест	мн	м	
СРWДНИКЪ	сущ	o	род	мн	м	
СВО&ИХЪ,	мест	м	род	мн	м	
И	союз					
W	пред					
ВWЕХЪ	сущ	jo/o	мест	мн	м	
ИХЪ,&	мест	м	род	мн	м	
ИЗБАВИТИСR	инф/в					
ИМЪ	мест	м	дат	мн	м	
W(Т)&	пред					
ВАРВАРСКИХЪ	прил	тв	род	мн	ср	
НАХОЖ&ДЕНIИ	сущ	jo	род	мн	ср	
ИНWПЛЕМЕННИ(К)&	сущ	o	род	мн	м	
МОЛИ	гл	повел		2	ед	4
ДА	част					
ТВОИМИ	мест	м	тв	мн	ж	
МО&ЛИТВАМИ	сущ	a	тв	мн	ж	
СОБЛЮДАЕ&ШИ	гл	изъяв	н/б	2	ед	3
ВО	пред					
ВРЕМЕНН+И	прил	тв	мест	ед	ж	
СЕИ	мест	м	мест	ед	ж	
Z 198						
ЖИЗНИ,	сущ	i	мест	ед	ж	
И	союз					
В+ЧНО	прил	o	вин	ед	ср	
ЖИ&ТЕЛЬСТВО	сущ	o	вин	ед	ср	
ПРIИМЕМЪ,&	гл	изъяв	н/б	1	мн	1
О	пред					
ТОМЪ	мест	тв	мест	ед	м	
САМ+М	мест	тв	мест	ед	м	
Г(с)Д+&	сущ	i/o	мест	ед	м	
НАШЕМЪ	мест	м	мест	ед	м	
*IС+#	сущ	o	мест	ед	м	
*ХР(с)Т+.&	сущ	o	мест	ед	м	
ЕМDЖЕ	мест	м	дат	ед	м	
ПОДОБАЕТЪ&	гл	изъяв	н/б	3	ед	3
ВСRКА	мест	тв	им	ед	ж	
СЛАВА	сущ	a	им	ед	ж	
И	союз					
ЧЕСТЬ&	сущ	i	им	ед	ж	
И	союз					
ПОКЛОНЕНIЕ,	сущ	jo	им	ед	ср	
СО	пред					
БЕ(З)НА&ЧАЛНЫМЪ	прил	тв	тв	ед	м	
ЕГW	мест	м	род	ед	м	
ОЦЕМЪ#&	сущ	jo	тв	ед	м	
И	союз					
С	пред					
ПРЕСТЫМЪ#	прил	тв	тв	ед	м	
И	союз					
БЛГИМ#&	прил	тв	тв	ед	м	
И	союз					
ЖИВОТВОРRЩИМЪ&	прич	м	наст	тв	ед	м
ТИ	мест	личн	2	дат	ед	
ДХОМЪ#,	сущ	o	тв	ед	м	
НН+#&	нар					
И	союз					
ПР(с)НW	нар					
И	союз					
ВО	пред					
В+КИ	сущ	o	вин	мн	м	
В+&КWМЪ	сущ	o	дат	мн	м	
АМИНЬ.&	нар					
ЧЮДО,	сущ	es	им	ед	ср	
Е#:&	5					
ПРИВЕДЕНЪ	прич	o	прош	им	ед	м
БЫСТЬ	гл	изъяв	аор гл	3	ед	
ЧЕ&ЛОВ+КЪ	сущ	o	им	ед	м	
ИМRНЕМЪ	сущ	men	тв	ед	ср	
Z -198						
*ИРОДIWНЪ,	сущ	o	им	ед	м	
ГОСПОДИ&НОМЪ	сущ	o	тв	ед	м	
СВОИМЪ	мест	м	тв	ед	м	
*БОРИСО(М)&	сущ	o	тв	ед	м	
*СОЛОВЦОВЫМЪ,	прил	o/тв	тв	ед	м	
В	пред					
МО&НАСТЫРЬ,	сущ	jo	вин	ед	м	
И	союз					
ТОИ	мест	тв	им	ед	м	
UБW&	част					
*ИРОДIWНЪ	сущ	o	им	ед	м	
БОЛRШЕ	гл	изъяв	имп	3	ед	
W&ЧИМА	сущ	es/i	тв	дв	ср	
ГОДЪ.	сущ	o	вин	ед	м	
И	союз					
UЖЕ&	нар					
ХОТRШЕ	гл	изъяв	имп	3	ед	
ДО	пред					
КОНЦА	сущ	jo	род	ед	м	
W&ТЕМН+ТИ,	инф					
МАЛО	нар					
ЖЕ&	част					
СТЕЗЮ	сущ	ja	вин	ед	ж	
ВИДRШЕ,	гл	изъяв	имп	3	ед	
И&	союз					
UСЛЫША	гл	изъяв	аор гл	3	ед	
ПРЕСТАВЛЕНIЕ&	сущ	jo	вин	ед	ср	
БЛГОВ+РНАГW#	прил	тв	род	ед	м	
КНЗR#&	сущ	jo	род	ед	м	
*ИГНАТIR	сущ	jo	род	ед	м	
ЧЮДОТВО&РЦА,	сущ	jo	род	ед	м	
И	союз					
ПОГРЕБЕНIЕ	сущ	jo	вин	ед	ср	
ЕГО&	мест	м	род	ед	м	
U	пред					
*СПАСА	сущ	o	род	ед	м	
НА	пред					
*ПРИЛDЦ+	сущ	o	мест	ед	м	*
U&	пред					
ЧЮДОТВОРЦА	сущ	jo	род	ед	м	
*ДИМИ&ТРIR.	сущ	jo	род	ед	м	
*БОРИСЪ	сущ	o	им	ед	м	
ЖЕ	част					
*СОZ 199 ЛОВЦОВЪ	прил	o	им	ед	м	
МОЛЕБНАR	прил	тв	вин	мн	ср	
П+(в)&	прич	jo	прош	им	ед	м
СПСD#	сущ	o	дат	ед	м	
И	союз					
ПРЕЧИСТ+И,	прил	тв	дат	ед	ж	
И	союз					
К	пред					
ЧЮ&ДОТВОРЦD	сущ	jo	дат	ед	м	
*ДИМИТРIЮ	сущ	jo	дат	ед	м	
ГРО&БD	сущ	o	дат	ед	м	
ПРИЛОЖИСR,	гл/в	изъяв	аор гл	3	ед	4
И	союз					
К	пред					
НО&ВОRВЛЕННОМD	прич	тв	прош	дат	ед	м
ЧЮДОТВО&РЦD	сущ	jo	дат	ед	м	
ГРОБD	сущ	o	дат	ед	м	
ПРИЛОЖИСR&	гл/в	изъяв	аор гл	3	ед	4
*ИГНАТIЕВD	прил	o	дат	ед	м	
КНRЗR	сущ	jo	род	ед	м	
БЛА&ГОВ+РНАГW,	прил	тв	род	ед	м	
И	союз					
МОЛR&ШЕСR	гл/в	изъяв	имп	3	ед	
ЕМD	мест	м	дат	ед	м	
СО	пред					
СЛЕЗАМI&	сущ	a	тв	мн	ж	
И	союз					
СО	пред					
UСЕРДIЕМЪ	сущ	jo	тв	ед	ср	
И	союз					
С	пред					
В+РОЮ&	сущ	a	тв	ед	ж	
W	пред					
ИСЦ+ЛЕНIИ	сущ	jo	мест	ед	ср	
СЛ+ПОТЫ&	сущ	a	род	ед	ж	
СВОЕR	мест	м	род	ед	ж	
И	союз					
СЛЕЗАМИ	сущ	a	тв	мн	ж	
W&МЫВАШЕ	гл	изъяв	имп	3	ед	
ЛИЦЕ	сущ	jo	вин	ед	ср	
СВОЕ,&	мест	м	вин	ед	ср	
И	союз					
ПРОСR	прич	jo	наст	им	ед	м
ИСЦ+ЛЕНIR,	сущ	jo	род	ед	ср	
И&	союз					
АБIЕ	нар					
ПРОЗР+	гл	изъяв	аор гл	3	ед	
СВ+ТЛО&	нар					
И	союз					
НАЧАТЪ	гл	изъяв	аор гл	3	ед	
ВОПИТИ	инф					
W(Т)	пред					
Z -199						
РАДОСТИ	сущ	i	род	ед	ж	
ВЕЛИКIR	прил	тв	род	ед	ж	
ЯКW&ЖЕ	союз					
НИКАКWЖЕ	нар					
WБР+&СТИСR	инф/в					
БОЛ+ЗНИ	сущ	i	дат	ед	ж	
ЕГW&	мест	м	род	ед	м	
WЧИМА,	сущ	es/i	тв	дв	ср	
МОЛИТВАМИ&	сущ	a	тв	мн	ж	
ПРЕПОДWБНЫХЪ	прил	тв	род	мн	м	
ОЦЪ#	сущ	jo	род	мн	м	
НА&ШЫХЪ	мест	м	род	мн	м	
ЧЮДОТВWРЦЕВЪ&	сущ	jo/u	род	мн	м	
*ДИМИТРIR	сущ	jo	род	ед	м	
I	союз					
*ИГНАТIR,&	сущ	jo	род	ед	м	
И	союз					
W(Т)ИДЕ	гл	изъяв	аор пр	3	ед	
В	пред					
ДОМЪ	сущ	u	вин	ед	м	
СВОИ	мест	м	вин	ед	м	
РА&ДDRСR,	прич/в	jo	наст	им	ед	м
И	союз					
СЛАВR	прич	jo	наст	им	ед	м
БГА#&	сущ	o	вин/род	ед	м	
И	союз					
СТЫХЪ#	прил	тв	вин/род	мн	м	
ЧЮДОТВWРЦЕ(в).&	сущ	jo/u	вин/род	мн	м	
ЧЮДО,	сущ	es	им	ед	ср	
S#:&	6					
ЖЕНА	сущ	a	им	ед	ж	
Н+КАR	мест	тв	им	ед	ж	
W(Т)	пред					
ВЕСИ&	сущ	i	род	ед	ж	
ГЛАГОЛЕМЫR	прич	тв	наст	род	ед	ж
*МАСЛИ&НА,	сущ	a	им	ед	ж	
ДЕРЕВНИ	сущ	ja/a	род	ед	ж	
*ПАВШИНО,&	сущ	o	им	ед	ср	
ИМRНЕМЪ	сущ	men	тв	ед	ср	
*ДАРIR,	сущ	ja	им	ед	ж	
НЕ&	част					
В+СТЬ	гл	изъяв	н/б	3	ед	5
КОИМИ	мест	м	тв	мн	ж	
СDДБАZ 200 МИ	сущ	a	тв	мн	ж	
ИМDЩИ	прич	ja	наст	им	ед	ж
ПРИКОРЧЕ&НD	прич	a	прош	вин	ед	ж
ЕИ	мест	м	дат	ед	ж	
РDКD	сущ	a	вин	ед	ж	
К	пред					
ПЕРС+М&	сущ	i	дат	pt	ж	
ПО(Д)	пред					
ПАЗDХИ,	сущ	a	вин	мн	ж	
НИКАКW&ЖЕ	нар					
НЕ	част					
МОЩНО.	нар					
ОНА&	мест	тв	им	ед	ж	
ЖЕ	част					
В	пред					
СКОРБИ	сущ	i	мест	ед	ж	
ВЕЛИЦ+И&	прил	тв	мест	ед	ж	*
БЫСТЬ	гл	изъяв	аор гл	3	ед	
W	пред					
СЕМЪ,	мест	м	мест	ед	ср	
ВРАЧИ&	сущ	jo/o	вин	мн	м	
МНWГИ	прил	o	вин	мн	м	
ПРИЗЫВАЮЩИ&	прич	ja	наст	им	ед	ж
I	союз					
ИМ+НIR	сущ	jo	род	ед	ср	
МНWГW	числ	тв	вин	ед	ср	
ДА&ЮЩИ,	прич	ja	наст	им	ед	ж
И	союз					
НИКАКWЖЕ	нар					
ПО&ЛЗЫ	сущ	a	род	ед	ж	
WБР+ТШИ.	прич	ja	прош	им	ед	ж
И	союз					
U&СЛЫША	гл	изъяв	аор гл	3	ед	
W(Т)	пред					
МНWГИХЪ	прил	тв	род	мн	м	
СЛD&ХОМЪ	сущ	o	тв	ед	м	
ЧЮДЕСА	сущ	es	вин	мн	ср	
ВЕЛИКА&	прил	о	вин	мн	ср	
В	пред					
МОНАСТЫР+	сущ	jo/o	мест	ед	м	
U	пред					
ПРЕПО&ДОБНАГW	прил	тв	род	ед	м	
*ДИМИТРIR	сущ	jo	род	ед	м	
ЧЮ&ДОТВОРЦА,	сущ	jo	род	ед	м	
И	союз					
U	пред					
БЛГОВ+&РНАГW#	прил	тв	род	ед	м	
КНЗR#	сущ	jo	род	ед	м	
*ИГНАТIR,	сущ	jo	род	ед	м	
Z -200 						
И	союз					
ПОВЕЛ+	гл	изъяв	аор гл	3	ед	
ВЕСТИ	инф					
СЕБЕ,&	мест	личн	возвр	вин/род		
КО	пред					
ГРWБОМЪ	сущ	o	дат	мн	м	
СТЫХЪ#	прил	тв	род	мн	м	
ЧЮ&ДОТВWРЦЕВЪ,	сущ	jo/u	род	мн	м	
И	союз					
МОЛИ&	гл	изъяв	аор гл	3	ед	
ИГDМЕНА	сущ	o	вин/род	ед	м	
СО	пред					
ВС+МЪ	мест	р/скл	тв	ед	м	
W&СЩЕННЫМЪ#	прич	тв	прош	тв	ед	м
СОБWРОМЪ&	сущ	o	тв	ед	м	
ЧТОБЫ	союз					
WН+	мест	тв	им	дв	ж	
БГА#	сущ	o	вин/род	ед	м	
МО&ЛИЛИ	гл	сосл	м	мн	пр	
W	пред					
НЕИ,	мест	м	мест	ед	ж	
И	союз					
ПРЕЧ(с)ТDЮ&	прил	тв	вин	ед	ж	
ЕГW	мест	м	род	ед	м	
БГОМТРЬ#,	сущ	er	вин	ед	ж	
И	союз					
СТЫ(Х)#&	прил	тв	вин/род	мн	м	
ЧЮДОТВWРЦЕВ	сущ	jo/u	вин/род	мн	м	
*ДИМИТРI(R)&	сущ	jo	вин/род	ед	м	
I	союз					
*ИГНАТIR.	сущ	jo	вин/род	ед	м	
И	союз					
ВДА	гл	изъяв	аор гл	3	ед	
МИ&ЛОСТЫНЮ	сущ	ja	вин	ед	ж	
ДОВОЛНD.&	прил	a	вин	ед	ж	
ИГDМЕНЪ	сущ	о	им	ед	м	
ЖЕ	част					
*АФОНАСIИ&	сущ	jo	им	ед	м	
ПОВЕЛ+	гл	изъяв	аор гл	3	ед	
ВСКОР+	нар					
UДА&РИТИ	инф					
В	пред					
БИЛО,	сущ	o	вин	ед	ср	
И	союз					
СОБРА&ВШЫСR	прич/в	ja	прош	им	ед	ж
ВСR	мест	р/скл	им	ед	ж	
БРАТIR&	сущ	ja	им	ед	ж	
КО	пред					
ГРWБОМЪ	сущ	о	дат	мн	м	
СТЫХЪ#	прил	тв	род	мн	м	
Z 201 						
ЧЮДОТВWРЦЕВЪ,	сущ	jo/u	род	мн	м	
И	союз					
МО&ЛЕБНАR	прил	тв	вин	мн	ср	
СОВЕРШИВШЕ,&	прич	jo/en	прош	им	мн	м
И	союз					
АБIЕ	нар					
ВСI	мест	р/скл	им	мн	м	
ИЗ	пред					
ХРАМА	сущ	о	род	ед	м	
И(З)&ШЕДШЕ	прич 	jo/en	прош	им	мн	м
ПО	пред					
КЕЛЛIАМЪ.&	сущ	ja	дат	мн	ж	
ЖЕНА	сущ	a	им	ед	ж	
ЖЕ	част					
ПРИПАДАШЕ	гл	изъяв	имп	3	ед	
СО&	пред					
СЛЕЗАМИ	сущ	a	тв	мн	ж	
КО	пред					
ГРWБОМ&	сущ	о	дат	мн	м	
СТЫХЪ#	прил	тв	род	мн	м	
ЧЮДОТВОРЦЕВ&	сущ	jo/u	род	мн	м	
ПРОСRЩИ	прич	ja	наст	им	ед	ж
ПРОЩЕНIR	сущ	jо	род	ед	ср	
W&	пред					
СВОИХЪ	мест	м	мест	мн	ср	
СОГР+ШЕНIИ	сущ	jo	мест	мн/ед	ср	
И&	союз					
W	пред					
ИСЦ+ЛЕНIИ	сущ	jo	мест	ед	ср	
НЕДDГА,&	сущ	o	род	ед	м	
I	союз					
ИЗЫДЕ	гл	изъяв	аор пр	3	ед	
В	пред					
ГОСТИНDЮ	прил	тв	вин	ед	ж	
КЕ&ЛЛIЮ	сущ	jа	вин	ед	ж	
СКОРБRШЕ	гл	изъяв	имп	3	ед	
W	пред					
СВО&ЕМЪ	мест	м	мест	ед	м	
НЕДDЗ+,	сущ	о	мест	ед	м	*
И	союз					
АБIЕ&	нар					
СВЕДЕНА	прич	a	прош	им	ед	ж
БЫСТЬ	гл	изъяв	аор гл	3	ед	
В	пред					
СОНЪ&	сущ	o	вин	ед	м	
ТОНОКЪ,	прил	o	вин	ед	м	-о
И	союз					
СЛЫШИТ&	гл	изъяв	н/б	3	ед	4
ГЛАСЪ	сущ	o	вин	ед	м	
ГЛАГОЛЮЩЬ,	прич	jo	наст	вин	ед	м
ЧЮ(ДО)Z -201 ТВWРЦЫ	сущ	jo	им	мн	м	
ИДDТЪ,	гл	изъяв	н/б	3	мн	1
И	союз					
ВЪ&	пред					
ТОИ	мест	тв	вин	ед	м	
ЧАСЪ	сущ	o	вин	ед	м	
ЯВИСR	гл/в	изъяв	аор гл	3	ед	
СВ+(Т)&	сущ	o	им	ед	м	
ВЕЛIИ	прил	jo	им	ед	м	
В	пред					
КЕЛЛIИ,	сущ	ja	мест	ед	ж	
И	союз					
W(Т)ВЕР&ЗОШАСR	гл/в	изъяв	аор нов	3	мн	
ДВЕРИ	сущ	i	им	мн	ж	
И	союз					
ВЛ+&ЗЕ	гл	изъяв	аор пр	3	ед	
ПЕРВIЕ	нар					
БЛГОВ+РНЫ(И)#&	прил	тв	им	ед	м	
КНRЗЬ	сущ	jo	им	ед	м	
*ИГНАТIИ	сущ	jo	им	ед	м	
ВО&	пред					
ОБРАЗ+	сущ	o	мест	ед	м	
ИНОЧЕСТ+,&	прил	o	мест	ед	м	*
И	союз					
ПО	пред					
СЕМЪ	мест	м	мест	ед	м	
*ДИМИТРIИ	сущ	jo	им	ед	м	
ЧЮ&ДОТВОРЕЦЪ,	сущ	jo	им	ед	м	
ВО	пред					
WДЕЖ&ДИ	сущ	ja	мест	ед	ж	
СЩЕННИЧЕСТ+И#,	прил	тв	мест	ед	ж	*
И&	союз					
РЕЧЕ	гл	изъяв	аор пр	3	ед	
ПРП(Д)БНЫИ	прил	тв	им	ед	м	
*ДИМИ&ТРIИ	сущ	jo	им	ед	м	
КО	пред					
*ИГНАТIЮ	сущ	jo	дат	ед	м	
ЧЮ&ДОТВОРЦD:	сущ	jo	дат	ед	м	
ПРОСТИ&	гл	повел	2	ед	4	
ОЧЕ#	сущ	jo/o	зв	ед	м	*
СIЮ	мест	м	вин	ед	ж	
ЖЕНD	сущ	a	вин	ед	ж	
W(Т)	пред					
НЕДD&ГА	сущ	o	род	ед	м	
ЕR.	мест	м	род	ед	ж	
*ИГНАТIИ	сущ	jo	им	ед	м	
ЖЕ&	част					
ЧЮДОТВОРЕЦЪ	сущ	jo	им	ед	м	
ПРИСТDПЛЬ	прич	jo	прош	им	ед	м
Z 202 						
К	пред					
ЖЕН+	сущ	a	дат	ед	ж	
И	союз					
ЕМЪ	прич	jo	прош	им	ед	м
Е+	мест	м	вин/род	ед	ж	
ЗА&	пред					
РDКD,	сущ	a	вин	ед	ж	
И	союз					
РЕЧЕ:	гл	изъяв	аор пр	3	ед	
ВОСТАНI&	гл	повел	2	ед	2	
ОНА	мест	тв	им	ед	ж	
ЖЕ	част					
W(Т)	пред					
UЖАСТИ	сущ	i	род	ед	ж	
И&	союз					
W(Т)	пред					
СТРАХА	сущ	o	род	ед	м	
ВОЗБНD	гл	изъяв	аор гл	3	ед	
W(Т)&	пред					
СНА	сущ	o	род	ед	м	+о
СКОРО,	нар					
И	союз					
НИКОГО&ЖЕ	мест	тв	вин/род	ед	м	
ВИДRШЕ,	гл	изъяв	имп	3	ед	
И	союз					
В	пред					
ТОМ&	мест	тв	мест	ед	м	
ЧАС+	сущ	o	мест	ед	м	
ПРОСТРЕСR	гл/в	изъяв	аор пр	3	ед	
РDКА&	сущ	a	им	ед	ж	
ЕR,	мест	м	род	ед	ж	
И	союз					
БЫСТЬ	гл	изъяв	аор гл	3	ед	
ЗДРАВА&	прил	a	им	ед	ж	
ЯКWЖЕ	союз					
И	союз					
ПЕРВIЕ.	нар					
ОНА&	мест	тв	им	ед	ж	
ЖЕ	част					
ВСКОР+	нар					
ВОЗВ+СТИ&	гл	изъяв	аор гл	3	ед	
ИГDМЕНD	сущ	o	дат	ед	м	
*АФОНАСIЮ,&	сущ	jo	дат	ед	м	
ИГDМЕНЪ	сущ	o	им	ед	м	
ЖЕ	част					
*АФОНАСIИ&	сущ	jo	им	ед	м	
ШЕДЪ	прич	jo	прош	им	ед	м
СО	пред					
ВСЕЮ	мест	р/скл	тв	ед	ж	
БРАТIЕЮ&	сущ	ja	тв	ед	ж	
ДА	союз					
И	союз					
С	пред					
НЕЮ	мест	м	тв	ед	ж	
КО	пред					
ГРWБОМ&	сущ	o	дат	мн	м	
СТЫХЪ#	прил	тв	род	мн	м	
ЧЮДОТВWРЦЕ(в)&	сущ	jo/u	род	мн	м	
СЛАВRЩЕ	прич	jo/en	наст	им	мн	м
СТDЮ#	прил	тв	вин	ед	ж	
ТР(о)ЦD,	сущ	ja	вин	ед	ж	
Z -202 						
ОЦА#	сущ	jo	вин/род	ед	м	
И	союз					
СНА#	сущ	u/o	вин/род	ед	м	
И	союз					
СТАГW#	прил	тв	вин/род	ед	м	
ДХА#&	сущ	o	вин/род	ед	м	
И	союз					
СТЫХЪ#	прил	тв	вин/род	мн	м	
ВЕЛИКИХЪ	прил	тв	вин/род	мн	м	
ЧЮ&ДОТВWРЦЕВЪ	сущ	jo/u	вин/род	мн	м	
*ДИМИТРIR&	сущ	jo	вин/род	ед	м	
И	союз					
БЛГОВ+РНАГW#	прил	тв	вин/род	ед	м	
КНRЗR&	сущ	jo	вин/род	ед	м	
*ИГНАТIR.	сущ	jo	вин/род	ед	м	
И	союз					
W(Т)ИДЕ	гл	изъяв	аор пр	3	ед	
В	пред					
ДО(М)&	сущ	u	вин	ед	м	
СВОИ	мест	м	вин	ед	м	
РАДDRСR,	прич/в	jo	наст	им	ед	м
ДАВЪ&ШАГW	прич	м	прош	вин/род	ед	м
ИМЪ	мест	м	дат	мн	м	
ТАКОВDЮ&	мест	тв	вин	ед	ж	
БЛГОДАТЬ#	сущ	i	вин	ед	ж	
ИСЦ+ЛЕНIЕМ.&	сущ	jo	тв	ед	ср	
ЖЕНА	сущ	а	им	ед	ж	
ЖЕ	част					
ТА	мест	тв	им	ед	ж	
ДОВОЛНО&	нар					
РАДОВАШЕСR	гл/в	изъяв	имп	3	ед	
РАДОСТIЮ&	сущ	i	тв	ед	ж	
ВЕЛИКОЮ,	прил	тв	тв	ед	ж	
И	союз					
СЛЕЗАМИ&	сущ	а	тв	мн	ж	
ЛИЦЕ	сущ	jo	вин	ед	ср	
СВОЕ	мест	м	вин	ед	ср	
WМЫ,	гл	изъяв	аор гл	3	ед	
БЛГО&ДАРR#	прич	jа/jo	наст	им	ед	ж/м
БГА#	сущ	о	вин/род	ед	м	
И	союз					
ПРЕЧИСТDЮ&	прил	тв	вин	ед	ж	
ЕГW	мест	м	род	ед	м	
МТРЬ#,	сущ	er	вин	ед	ж	
И	союз					
ПРЕПОДО&БНЫХЪ	прил	тв	вин/род	мн	м	
ЧЮДОТВWРЦЕВ&	сущ	jo/u	вин/род	мн	м	
*ДИМИТРIR	сущ	jo	вин/род	ед	м	
И	союз					
БЛГWВ+РZ 203 НАГW#	прил	тв	вин/род	ед	м	
КНЗR#	сущ	jo	вин/род	ед	м	
*ИГНАТIR&	сущ	jo	вин/род	ед	м	
И	союз					
W(Т)ИДЕ	гл	изъяв	аор пр	3	ед	
В	пред					
ДОМЪ	сущ	u	вин	ед	м	
СВОИ&	мест	м	вин	ед	м	
РАДDRСR.&	прич/в	ja/jo	наст	им	ед	ж/м
ЧЮДО,	сущ	es	им	ед	ср	
З#:&	7					
СТАРЕЦЪ	сущ	jo	им	ед	м	
Н+КIИ	мест	тв	им	ед	м	
ИМR&НЕМЪ	сущ	men	тв	ед	ср	
*ГDРIИ,	сущ	jo	им	ед	м	
ПОНО&МАРЬ	сущ	jo	им	ед	м	
ТОГW	мест	тв	род	ед	м	
ЖЕ	част					
МОНА&СТЫРR.	сущ	jo	род	ед	м	
ИМRШЕ	гл	изъяв	имп	3	ед	
БО&Л+ЗНЬ	сущ	i	вин	ед	ж	
ЗDБНDЮ	прил	тв	вин	ед	ж	
ВЕЛИ&КD	прил	a	вин	ед	ж	
S+ЛW,	нар					
И	союз					
МНWГО&	прил	o	вин	ед	ср	
ВРЕМR	сущ	men	вин	ед	ср	
НЕ	част					
МОЖАШЕ	гл	изъяв	имп	3	ед	
НИ&	част					
ПИТИ	инф					
НИ	част					
ЯСТИ,	инф					
И	союз					
U&ЖЕ	нар					
КОНЕЧНОЕ	нар					
СНD	сущ	o/u	род	ед	м	+о
ЛИ&ШИСR,	гл/в	изъяв	аор гл	3	ед	
И	союз					
ХОЖДАШЕ&	гл	изъяв	имп	3	ед	
ЯКW	союз					
WБЬЮРОД+,	гл	изъяв	аор гл	3	ед	
И&	союз					
МНWГD	прил	o	дат	ед	ср	
ВРЕМЕНИ	сущ	men	дат	ед	ср	
МИZ -203 НDВШD,	прич	jo	прош	дат	ед	ср
В	пред					
СЕБЕ	мест	личн	возвр	вин/род		
ПРИШЕ(Д)&	прич	jo	прош	им	ед	м
В	пред					
НОЩЬ	сущ	i	вин	ед	ж	
ПРIИДЕ	гл	изъяв	аор пр	3	ед	
КО	пред					
ГРО&БD	сущ	о	дат	ед	м	
БЛГОВ+РНАГW#	прил	тв	род	ед	м	
КНR&ЗR	сущ	jо	род	ед	м	
*ИГНАТIR	сущ	jо	род	ед	м	
ЧЮДОТВО&РЦА,	сущ	jo	род	ед	м	
И	союз					
МОЛRШЕСR	гл/в	изъяв	имп	3	ед	
СО&	пред					
СЛЕЗАМИ	сущ	а	тв	мн	ж	
И	союз					
ГОРКО	нар					
ВО(З)&ДЫХАШЕ	гл	изъяв	имп	3	ед	
W	союз					
СВОЕМЪ	мест	м	мест	ед	ср	
СО&ГР+ШЕНIИ,	сущ	jo	мест	ед	ср	
И	союз					
ПРОСRШЕ&	гл	изъяв	имп	3	ед	
СВОЕМD	мест	м	дат	ед	м	
НЕДDГD	сущ	о	дат	ед	м	
ИСЦ+&ЛЕНIR	сущ	jo	род	ед	ср	
И	союз					
ГР+ХWВЪ	сущ	о/u	род	мн	м	
ПРО&ЩЕНIR,	сущ	jo	род	ед	ср	
И	союз					
ПРИЛОЖИСR&	гл/в	изъяв	аор гл	3	ед	
КО	пред					
ГРОБD	сущ	о	дат	ед	м	
*ИГНАТIR&	сущ	jo	род	ед	м	
ЧЮДОТВОРЦD,	сущ	jo	дат	ед	м	
И	союз					
~ПО&СТР+ <ПО&ТР+>	гл	изъяв	аор пр	3	ед	
ПЛАЩАНИЦЕЮ	сущ	jа	тв	ед	ж	
О&Б+	числ	тв	вин	дв	ж	
ДЕСН+	сущ	а	вин	дв	ж	
СВОИ,	мест	м	вин	дв	ж	
И&	союз					
В	пред					
ТОМЪ	мест	тв	мест	ед	м	
ЧАС+	сущ	о	мест	ед	м	
БЫСТЬ	гл	изъяв	аор гл	3	ед	
Z 204 						
ЗДРАВЪ	прил	o	им	ед	м	
W(Т)	пред					
НЕДDГА	сущ	о	род	ед	м	
СВО&ЕГW	мест	м	род	ед	м	
ЯКWЖЕ	союз					
И	союз					
НЕ	част					
БОЛ+&ВШD	прич	jo	прош	дат	ед	м
ЕМD	мест	м	дат	ед	м	
НИКОГДАЖЕ&	нар					
И	союз					
ШЕДЪ	прич	jo	прош	им	ед	м
В	пред					
КЕЛЛIЮ	сущ	ja	вин	ед	ж	
СВОЮ&	мест	м	вин	ед	ж	
РАДDRСR	прич/в	jo	наст	им	ед	м
И	союз					
БЛГОДАРR#&	прич	jo	наст	им	ед	м
БГА#,	сущ	о	вин/род	ед	м	
И	союз					
ХВАЛD	сущ	а	вин	ед	ж	
ВОЗДА&RШЕ	гл	изъяв	имп	3	ед	
UГОДНИКD	сущ	о	дат	ед	м	
БЖIЮ#&	прил	jo	дат	ед	м	
*ИГНАТIЮ	сущ	jo	дат	ед	м	
ЧЮДОТВОР&ЦD,	сущ	jo	дат	ед	м	
ДАВШЕМD	прич	м	прош	дат	ед	м
ЕМD&	мест	м	дат	ед	м	
ТАКОВDЮ	мест	тв	вин	ед	ж	
БЛГОДАТЬ#&	сущ	i	вин	ед	ж	
ИСЦ+ЛЕНIЕМЪ.	сущ	jo	тв	ед	ср	
БГD#&	сущ	о	дат	ед	м	
НШЕМD#	мест	м	дат	ед	м	
СЛАВА	сущ	а	им	ед	ж	
НН+#	нар					
И&	союз					
ПР(с)НW	нар					
И	союз					
ВО	пред					
В+КИ	сущ	о	вин	мн	м	
В+&КWМЪ	сущ	о	дат	мн	м	
АМИ&НЬ.	нар					
@						
