ЖИТИЕ	сущ	jo	им	ед	ср	
I	союз					
ПО(Д)ВИЗИ	сущ	o	им	мн	м	*
ПР(Д)БНАГW&	прил	тв	род	ед	м	
W(Т)ЦА#	сущ	jo	род	ед	м	
НШГО#	мест	м	род	ед	м	
КНSЯ#	сущ	jo	род	ед	м	
*КО(Н)СТЯНТИНА&	сущ	о	род	ед	м	
*МА(Н)КУВСКАГО	прил	тв	род	ед	м	
РИМЛRНИНА	сущ	о	род	ед	м	
ГРЕКА,&	сущ	о	род	ед	м	
НАРЕЧЕ(Н)НАГО	прич	тв	прош	род	ед	м
ВО	пред					
ИНОЦЕ(Х)	сущ	о	мест	мн	м	*
*КАСИRНА;&	сущ	o	род	ед	м	
А	союз					
ПРА(З)НУЮТЪ	гл	изъяв	н/б	3	мн	3
ЕМУ	мест	м	дат	ед	м	
М(с)ЦА	сущ	jo	род	ед	м	
МАИR	сущ	jo	род	ед	м	
В;&	пред					
КА#	21					
ДНЪ#.	сущ	en	вин	ед	м	
НА	пред					
ПАМR(Т)	сущ	i	вин	ед	ж	
СТГО#	прил	тв	род	ед	м	
РА(В)НА(ГW)&	прил	тв	род	ед	м	
АП(с)ЛО(М)	сущ	o	дат	мн	м	
ЦРR#	сущ	jo	род	ед	м	
*КО(Н)СТЯНТИНА	сущ	o	род	ед	м	
И	союз					
ХР(с)ТО&ЛЮБИВЫЯ	прил	тв	род	ед	ж	
МТРЕ#	сущ	er	род	ед	ж	
ЕГО	мест	м	род	ед	м	
*ЕЛЕНЫ&	сущ	а	род	ед	ж	
Г(с)ДИ	сущ	i	зв	ед	м	
БЛГО(с)ЛОВИ	гл	повел	2	ед	4	
W(ч);	сущ	jo/o	зв	ед	м	*
АМИНЬ&	нар					
W(Т)ЦЫ#	сущ	jo	зв	мн	м	
И	союз					
БРАТИА	сущ	o/ja	зв/им	мн/ед	м	
I	союз					
БГОИ(З)БРАННИ(И)#&	прил	тв	зв	мн	м	
ЛЮДИЕ,	сущ	i	зв	pt	м	
И	союз					
ХР(с)ТОИМЕНИТОЕ	прил	тв	зв	ед	ср	
СТА&ДО	сущ	o	зв	ед	ср	
ХОЩD	гл	изъяв	н/б	1	ед	3
ВАМЪ	мест	личн	2	дат	мн	
ПОВ+ДАТИ	инф					
О	пред					
СЕ(М)&	мест	м	мест	ед	м	
ПРП(Д)БНЕМЪ	прил	тв	мест	ед	м	
МУЖИ	сущ	jo	мест	ед	м	
ПОВЕСТЬ	сущ	i	вин	ед	ж	
СЛЫ&ША(Х)	гл	изъяв	аор гл	1	ед	
W(Т)	пред					
ТАМО	нар					
ЖИВУЩИ(Х)	прич	м	наст	род	мн	м
СА&МОВИДЕЦЪ,	сущ	jo	род 	мн	м	
W(Т)	пред					
ЗНАМЕНОНО(с)&НЫ(Х)	прил	тв	род	мн	м	
МУЖЕИ	сущ	jo/i	род	мн	м	
W(Т)	пред					
НЕЛОЖНЫ(Х)	прил	тв	род	мн	ср	
УСТЪ&	сущ	o	род	pt	ср	
WН+ХЪ	мест	тв	род	мн	ср	
ПАЧЕ	нар					
(Ж)	част					
МИ	мест	личн	1	дат	ед	
ПОВ+ДА&	гл	изъяв	аор гл	3	ед	
W(Т)ЦЪ#	сущ	jo	им	ед	м	
*КАСИЯНЪ	сущ	о	им	ед	м	
W	пред					
СЕМЪ	мест	м	мест	ед	м	
ПРП(Д)Б&НЕ(М)	прил	тв	мест	ед	м	
*КАСИАНЕ.	сущ	о	мест	ед	м	
А(З)	мест	личн	1	им	ед	
ЖЕ	част					
ОКАR(Н)НЫ(И)	прил	тв	им	ед	м	
Z -62						
УМИЛИ(Х)СR	гл/в	изъяв	аор гл	1	ед	
СЛЫША(Х)	гл	изъяв	аор гл	1	ед	
I	союз					
НЕ	част					
МОГОХЪ&	гл	изъяв	аор нов	1	ед	
ТАКОВА	мест	тв	вин/род	ед	м	
МУЖА	сущ	jo	вин/род	ед	м	
СТА#	прил	o	вин/род	ед	м	
ЗА(Б)ВЕНИЮ&	сущ	jo	дат	ед 	ср	
ПРЕДАТИ,	инф					
БЫ(В)ШУ	прич	jo	прош	дат	ед	м
МИ	мест	личн	1	дат	ед	
Н+КОГДА&	нар					
ВО	пред					
WБИТЕЛИ	сущ	i	мест	ед	ж	
ЕГО	мест	м	род	ед	м	
I	союз					
НА	пред					
М+СТЕ&	сущ	о	мест	ед	ср	
ЕГО	мест	м	род	ед	м	
СТОЯЩD	прич	jo	наст	дат	ед	м
И	союз					
ЖЕ(З)ЛЪ	сущ	o	вин	ед	м	
ПАСТЫ(Р)&СКИ(И)	прил	тв	вин	ед	м	
В	пред					
РУЦ+	сущ	a	мест	ед	ж	*
ИМ+R	прич	jo	наст	им	ед	м
И	союз					
НА	пред					
ГРОБЪ&	сущ	o	вин	ед	м	
МИ	мест	личн	1	дат	ед	
ЕГО	мест	м	род	ед	м	
ЗРRЩD.	прич	jo	наст	дат	ед	м
I	союз					
ЕЩЕ	нар					
W(Т)	пред					
УЧЕ&НИКЪ	сущ	o	род	мн	м	
ЕГО	мест	м	род	ед	м	
ТУ	нар					
ЗАСТАХЪ.&	гл	изъяв	аор гл	1	ед	
I	союз					
W(Т)	пред					
НИХЪ	мест	м	род	мн	м	
ТАКОЖЕ	нар					
W	пред					
СТОМЪ#&	прил	тв	мест	ед	м	
СЛЫША(Х)	гл	изъяв	аор гл	1	ед	
И	союз					
ПОВ+ДА(Х)	гл	изъяв	аор гл	1	ед	
ВАШЕИ&	мест	м	дат	ед	ж	
ЛЮ(Б)ВИ	сущ	uu	дат	ед	ж	
ХР(с)ТОЛЮ(Б)ЦЫ,	сущ	jo	зв	мн	м	
НЕ	част					
МОЖЕ(Т)&	гл	изъяв	н/б	3	ед	1
БО	союз					
ГРАДЪ	сущ	o	им	ед	м	
УКРЫТИСЯ	инф/в					
ВЕРХD&	сущ	u	мест	ед	м	
ГОРЫ	сущ	a	род	ед	ж	
СТОЯ	прич	jo	наст	им	ед	м
И	союз					
НИКТО(Ж)	мест	тв	им	ед	м	
БО&	союз					
СВ+ТИ(л)НИКЪ	сущ	о	вин	ед	м	
ВЖИГАЕТЪ	гл	изъяв	н/б	3	ед	3
И&	союз					
ПОСТАВЛRЕТЪ	гл	изъяв	н/б	3	ед	3
ПО(Д)	пред					
СПУДОМЪ&	сущ	о	тв	ед	м	
НО	союз					
НА	пред					
СВ+ЩНИКЪ	сущ	o	вин	ед	м	
ПОСТАВЛR&ЕТЪ	гл	изъяв	н/б	3	ед	3
И	союз					
ДА	част					
СВ+ТИ(Т)	гл	изъяв	н/б	3	ед	4
ВС+МЪ&	мест	р/скл	дат	мн	м	
ИЖЕ	мест	м	им	мн	м	
ВО	пред					
ХРАМИНЕ	сущ	a	мест	ед	ж	
СУ(Т);&	гл	изъяв	н/б	3	мн	5
ТАКО	нар					
СЕИ	мест	м	им	ед	м	
ПРП(Д)БНЫИ	прил	тв	им	ед	м	
W(Т)ЦЪ#	сущ	jo	им	ед	м	
НА(Ш)&	мест	м	им	ед	м	
*КАСИRНЪ,	сущ	о	им	ед	м	
НЕ	част					
W(Т)	пред					
*ЕР(с)ЛИМА	сущ	о	род	ед	м	
НИ	част					
Z 63						
W(Т)	пред					
*СИWНА.	сущ	о	род	ед 	м	
НИ	част					
W(Т)	пред					
*СТЫЯ#	прил	тв	род	ед	ж	
ГОРЫ.&	сущ	a	род	ед	ж	
ЯКО	союз					
ВОИСТИ(Н)НУ	нар					
Р+КУ	гл	изъяв	н/б	1	ед	1
W(Т)	пред					
ВТОРЫR&	числ/п	тв	род	ед 	ж	
ГОРЫ	сущ	a	род	ед	ж	
*СТАЯ#	прил	тв	им	ед	ж	
УБО	част					
ГОРА	сущ	а	им	ед	ж	
СИRЕ(Т)&	гл	изъяв	н/б	3	ед	3
НА	пред					
ПОЛУДЕ(Н)НЫ(Х)	прил	тв	мест	мн	ж	
СТРАНА(Х)	сущ	a	мест	мн	ж	
W(Б)ЛАДА&ЕМА	прич	a	наст	им	ед	ж
ТУРКИ	сущ	 o	тв	мн	м	
БЕ(З)БОЖНЫМИ,&	прил	тв	тв	мн	м	
СЕИ	мест	м	им	ед	м	
ЖЕ	част					
СТЫИ#	прил	тв	им	ед	м	
W(Т)	пред					
ПОЛУНО(Ш)НЫХЪ&	прил	тв	род	мн	ж	
СТРАНЪ	сущ	а	род	мн	ж	
ВЕЛИКИЯ	прил	тв	род	ед	ж	
*РDСИR	сущ	ja	род	ед	ж	
ВО&ИСТИ(Н)НУ	нар					
СТЫЯ#	прил	тв	род	ед	ж	
ГОРЫ	сущ	a	род	ед	ж	
УСЫРЕ(Н)НЫR&	прич	тв	прош	род	ед	ж
ДХО(М)#.	сущ	o	тв	ед	м	
ГЛА#	гл	изъяв	аор гл	3	ед	
ВЕЛИКАГО	прил	тв	род	ед	ср	
*БЕЛА	прил	о	род	ед	ср	
ЕЗЕ&РА	сущ	o	род	ед	ср	
ИЖЕ	мест	м	им	ед	м	
И(З)РАСТИ	гл	изъяв	аор гл	3	ед	
НАМЪ	мест	личн	1	дат	мн	
ПРП(Д)БЪ&НЫR	прил	тв	вин	мн	м	
СИ	мест	м	вин/им	мн	м	
W(Т)ЦА#	сущ	jo	вин	дв	м	
*КИРИЛА	сущ	o	вин/род	ед	м	
ЧЮДО&ТВО(Р)ЦА	сущ	jo	вин/род	ед	м	
И	союз					
*ФЕРАПОНТА	сущ	o	вин/род	ед	м	
ТО&И	мест	тв	им	ед	м	
ПР(Д)БНЫИ	прил	тв	им	ед	м	
*ФЕРАПО(Н)ТЪ	сущ	о	им	ед	м	
ВО&ЖДЬ	сущ	jo	им 	ед 	м 	
И	союз					
ХОДАТАИ	сущ	jo	им	ед	м	
И	союз					
ПУ(Т)ШЕСТВЕ&НИКЪ	сущ	о	им	ед	м	
ВЕЛИКОМУ	прил	тв	дат	ед	м	
В	пред					
ЧЮДЕСЕХЪ&	сущ	es	мест	мн	ср	
ПРП(Д)БНОМУ	прил	тв	дат	ед	м	
I	союз					
БГОНОСНОМD#	прил	тв	дат	ед	м	
W(Т)ЦD#&	сущ	jo	дат	ед	м	
НАШЕМУ	мест	м	дат	ед	м	
*КИРИЛD	сущ	o	дат	ед	м	
ДО	пред					
ПУСТЫ(Н)&	сущ	ja	род	мн	ж	
*БЕЛОWЗЕРСКИХЪ.	прил	тв	род	мн	ж	
IДЕЖЕ&	союз					
НН+#	нар					
МОЛИТВАМИ	сущ	a	тв	мн	ж	
ЕГО	мест	м	род	ед	м	
МАНА&СТЫ(Р)	сущ	jo	им	ед	м	
СТОИ(Т)	гл	изъяв	н/б	3	ед	4
ВО	пред					
ИМR	сущ	men	вин	ед	ср	
ПРЕ(с)ТЫЯ#	прил	тв	род	ед	ж	
Z -63						
БЦА#	сущ	ja	род	ед	ж	
Ч(с)ТНАГО	прил	тв	род	ед	ср	
И	союз					
СЛАВНАГО	прил	тв	род	ед	ср	
ЕЯ&	мест	м	род	ед	ж	
УСПЕНИЯ	сущ	jo	род	ед	ср	
ПРЕБЫСТА	гл	изъяв	аор гл	3	дв	
ЖЕ	част					
ВКУ&П+	нар					
ВРЕМR	сущ	men	вин	ед	ср	
НЕКОЕ	мест	тв	вин	ед	ср	
W(Т)ИДЕ	гл	изъяв	аор пр	3	ед	
*FЕРА&ПО(Н)ТЪ	сущ	о	им	ед	м	
W(Т)	пред					
*КИРИЛА	сущ	o	род	ед	м	
ВДАЛЪ	нар					
ПR(Т)&НАДЕСЯТЪ	числ	i	вин	ед	ж	
ПОПРИЩЬ	сущ	jo	род	мн	ср	
I	союз					
ТА&МО	нар					
СВОИМА	мест	м	тв	дв	ж	
РУКАМА	сущ	a	тв	дв	ж	
МН(с)ТРЬ&	сущ	jo	вин	ед	м	
ПРЕЧЕСТЕ(Н)	прил	о	вин	ед	м	
ПОСТАВИ	гл	изъяв	аор гл	3	ед	
ВО	пред					
ИМR&	сущ	men	вин	ед	ср	
СТЫR#	прил	тв	род	ед	ж	
БЦА#	сущ	ja	род	ед	ж	
Ч(с)ТНАГО	прил	тв	род	ед	ср	
И	союз					
СЛА(В)НА&ГО	прил	тв	род	ед	ср	
ЕR	мест	м	род	ед	ж	
РЖ(с)ТВА	сущ	о	род	ед	ср	
МЕ(Ж)	пред					
ЕЗЕРЫ	сущ	о	тв	мн	ср	
*ПА&СКИМЪ	прил	тв	тв	ед	ср	
И	союз					
*БОРОДАВСКИМЪ&	прил	тв	тв	ед	ср	
И	союз					
НАСАДИ	гл	изъяв	аор гл	3	ед	
В	пред					
НЕМЪ	мест	м	мест	ед	м	
ВИНОГРА(Д)&	сущ	о	вин	ед	м	
ДХО(В)НЫ(И)	прил	тв	вин	ед	м	
ИНОКЪ	сущ	o	род	мн	м	
МНОЖЕСТВО&	сущ	o	вин	ед	ср	
И	союз					
WПЛОТО(М)	сущ	о	тв	ед	м	
WГРАДИ	гл	изъяв	аор гл	3	ед	
МЛТВА&МИ#	сущ	a	тв	мн	ж	
СВОИМИ.	мест	м	тв	мн	ж	
И	союз					
ПО	пред					
МНОЗЕ	прил	о	мест	ед	ср	*
ВРЕ&МЕНИ	сущ	men	мест	ед	ср	
W(Т)	пред					
ОБИТЕЛИ	сущ	i	род	ед	ж	
ИСХОДИ(Т)&	гл	изъяв	н/б	3	ед	4
И	союз					
СЕЛЕНИЕ	сущ	jo	вин	ед	ср	
ТВОРИ(Т)	гл	изъяв	н/б	3	ед	4
ВО	пред					
ГРАД+&	сущ	o	мест	ед	м	
*МОЖАИСК+	сущ	о	мест	ед 	м	
И	союз					
ТАМО	нар					
МАНА&СТЫРЬ	сущ	jo	вин	ед	м	
ПОСТАВИ	гл	изъяв	аор гл	3	ед	
ЗОВОМЫ(И)&	прич	тв	наст	вин	ед	м
*ЛУЖЕСКИИ	прил	тв	им	ед	м	
ПОВЕЛ+НИЕМЪ&	сущ	jo	тв	ед	ср	
И	союз					
МОЛЕНИЕ(М)	сущ	jo	тв	ед	ср	
С	пред					
ЛЮБОВИЮ	сущ	uu	тв	ед	ж	
БЛГОВ+Z 64 РНАГО#	прил	тв	род	ед	м	
И	союз					
ХР(с)ТОЛЮБИВАГО	прил	тв	род	ед	м	
КНSЯ#&	сущ	jo	род	ед	м	
*АНДР+R	сущ	jo	род	ед	м	
*ДИМИТРИЕВИЧА	сущ	jo	род	ед 	м	
*МО&ЖАИСКАГО	прил	тв	род	ед	м	
ТАМО	нар					
И	союз					
ПРЕСТА&ВИСЯ	гл/в	изъяв	аор гл	3	ед	
W(Т)	пред					
ЗД+ШНRГО	прил	м	род	ед	ср	
ЖИТИЯ&	сущ	jo	род	ед	ср	
В	пред					
БУДУЩИI	прич	м	наст	вин	ед	м
В+КЪ	сущ	o	вин	ед	м	
ПРЕИДЕ&	гл	изъяв	аор пр	3	ед	
КОНЦА	сущ	jo	род	ед	м	
НЕ	част					
ИМУЩИ	прич	м	наст	вин	ед	м
ИЖЕ	мест	м	вин	ед	м	
УГО&ТОВА	гл	изъяв	аор гл	3	ед	
БГЪ#	сущ	o	им	ед	м	
ЛЮБRЩИМЪ	прич	м	наст	дат	мн	м
ЕГО&	мест	м	вин/род	ед	м	
А	союз					
В	пред					
СЕБ+	мест	личн	возвр	род		
М+СТО	сущ	o	вин	ед	ср	
ПОСТАВИ	гл	изъяв	аор гл	3	ед	
НА&М+СНИКА	сущ	o	вин/род	ед	м	
ВЕЛИКА	прил	o	вин/род	ед	м	
ИГУМЕНА&	сущ	o	вин/род	ед	м	
И	союз					
СТА#	прил	o	вин/род	ед	м	
СТАРЦА	сущ	jo	вин/род	ед	м	
*МАРТЫНИЯ&	сущ	jo	вин/род	ед	м	
ИМЕНЕ(М)	сущ	men	тв	ед	ср	
УЧЕНИКА	сущ	o	вин/род	ед	м	
ПР(Д)БНАГО	прил	тв	род	ед	м	
О(Т)ЦА#&	сущ	jo	род	ед	м	
НАШЕГО	мест	м	род	ед	м	
*КИРИЛА	сущ	o	род	ед	м	
ЧЮДОТВО(Р)ЦА.&	сущ	jo	род	ед	м	
АЩЕ	союз					
ЛИ	част					
СТЫИ#	прил	тв	им	ед	м	
*FЕРАПОНТЪ&	сущ	o	им	ед	м	
W(Т)	пред					
СВОЕЯ	мест	м	род	ед	ж	
WБИТЕЛИ	сущ	i	род	ед	ж	
ИЗЫДЕ&	гл	изъяв	аор пр	3	ед	
НО	союз					
ДХО(М)#	сущ	o	тв	ед	м	
СО	пред					
СТЫ(М)#	прил	тв	тв	ед	м	
*КИРИЛОМЪ&	сущ	o	тв	ед	м	
И	союз					
*МАРТИНИЯНО(М)	сущ	о	тв	ед	м	
ВКУП+	нар					
ПРЕ&БЫВАЮТЪ	гл	изъяв	н/б	3	мн	3
НО	союз					
СТАЯ#	прил	тв	вин	мн	ср	
М+СТА&	сущ	o	вин	мн	ср	
И	союз					
СТ+И#	прил	тв	дат	ед	ж	
ТР(о)ЦЫ	сущ	ja	дат	ед	ж	
МОЛИ	гл	повел		2	ед	4
ЗА	пред					
ДША#&	сущ	ja	вин	мн	ж	
НАША	мест	м	вин	мн	ж	
НО	союз					
НА	пред					
ПРЕ(Д)ЛЕЖАЩЕЕ&	прич	м	наст	вин	ед	ср
ДА	част					
ВО(З)ВРАТИМСЯ.	гл/в	изъяв	н/б	1	мн	4
СЕИ	мест	м	им	ед	м	
УБО	част					
Z -64						
ПР(Д)БНЫ(И)	прил	тв	им	ед	м	
*КАСИRНЪ	сущ	о	им	ед	м	
РОДО(М)	сущ	о	тв	ед	м	
УБО&	част					
W(Т)	пред					
ВЕЛИКАГО	прил	тв	род	ед	м	
И	союз					
СТАРАГО	прил	тв	род	ед	м	
*РИМА&	сущ	o	род	ед	м	
ЦР(с)ТВУЮЩАГО	прич	м	наст	род	ед	м
ГРАДА	сущ	o	род	ед	м	
НАРИЦА&ЕМАГО	прич	тв	наст	род	ед	м
*А(м)МОРИR	сущ	ja	им	ед	ж	
ЦРЬСТВО&ВА#	гл	изъяв	аор гл	3	ед	
В	пред					
НЕМЪ	мест	м	мест	ед	м	
ТОГДА	нар					
БЛГОЧЕСТИ&ВОМУ#	прил	тв	дат	ед	м	
И	союз					
ХР(с)ТОЛЮБИВОМУ	прил	тв	дат	ед	м	
ЦРЮ#&	сущ	jo	дат	ед	м	
*FОМЕ	сущ	а	дат	ед	м	
ДЕСПОТУ	сущ	о	дат	ед	м	
РО(Д)СТВО	сущ	о	вин	ед	ср	
ЖЕ&	част					
И	союз					
ГЬСТВО#	сущ	о	вин	ед	ср	
ИМ+R	прич	jo	наст	им	ед	м
КНЖЕНИR#&	сущ	jo	род	ед	ср	
СВОЕГО	мест	м	род	ед	ср	
ГЛЕМО#	прич	o	наст	вин	ед	ср
*WМО(М)КУВА;&	сущ	a	им	ед	ж	
В	пред					
Л+ТА	сущ	o	вин	мн	ср	
ЖЕ	част					
БЛГОВЕРНАГО#	прил	тв	род	ед	м	
И&	союз					
ХР(с)ТОЛЮБИВАГО	прил	тв	род	ед	м	
Б+ЛАГО	прил	тв	род	ед	м	
ЦРR#&	сущ	jo	род	ед	м	
САМОДЕРЖЦА	сущ	jo	род	ед	м	
ВСЕЯ	мест	р/скл	род	ед	ж	
*РУСИI	сущ	ja/a	род	ед	ж	
И&	союз					
ВЕЛИКАГО	прил	тв	род	ед	м	
КНSЯ#	сущ	jo	род	ед	м	
*IВАНА	сущ	о	род	ед	м	
*ВАСИ(л)&ЕВИЧА	сущ	jo	род	ед	м	
*ВАСИЛИR	сущ	jo	род	ед	м	
*ДМИ(Т)РЕЕВИ&ЧА	сущ	jo	род	ед	м	
СЕИ	мест	м	им	ед	м	
УБО	част					
ДЕРЖАВНЫ(И)	прил	тв	им	ед	м	
Г(с)ДРЬ&	сущ	jo	им	ед	м	
СО(ч)ТАСЯ	гл/в	изъяв	аор гл	3	ед	
ПЕРВОМУ	числ/п	тв	дат	ед	м	
БРАКУ	сущ	o	дат	ед	м	
И&	союз					
РОДИ	гл	изъяв	аор гл	3	ед	
СНА#	сущ	u/o	вин/род	ед	м	
ВЕЛИКАГО	прил	тв	вин/род	ед	м	
КНSЯ#&	сущ	jo	вин/род	ед	м	
*ИВАНА	сущ	o	вин/род	ед	м	
*ВАСИЛЬЕВИЧА	сущ	jo	вин/род	ед	м	
W(Т)&	пред					
НЕГОЖЕ	мест	м	род	ед	м	
РОДИСЯ	гл/в	изъяв	аор гл	3	ед	
ВЕЛИКИI&	прил	тв	им	ед	м	
КНSЬ#	сущ	jo	им	ед	м	
*ДМИТРЕИ	сущ	jo	им	ед	м	
W(Т)	пред					
ВОЛОЖА(Н)КИ	сущ	а	род	ед	ж	
Z 65						
ВЕЛИКАГО	прил	тв	род	ед	м	
(Ж)	част					
КНSЯ#	сущ	jo	род	ед	м	
*IВАНА	сущ	o	род	ед	м	
*ВАСИ(л)ЕВИЧА&	сущ	jo	род	ед	м	
КНГИНИ#	сущ	ja/a	род	ед	ж	
ВЕЛИКИЯ	прил	тв	род	ед	ж	
ТВЕРЯ(Н)КИ&	сущ	а	род	ед	ж	
W(Т)	пред					
ЖИТИЯ	сущ	jo	род	ед	ср	
ИЗЫДЕ	гл	изъяв	аор пр	3	ед	
ПОМЫСЛИ	гл	изъяв	аор гл	3	ед	
(Ж)&	част					
САМОДЕ(Р)ЖЕЦЪ	сущ	jo	им	ед	м	
И	союз					
СОВ+ТЪ	сущ	o	вин	ед	м	
ПОЛО&ЖИ	гл	изъяв	аор гл	3	ед	
С	пред					
ВЕЛЪМОЖАМИ	сущ	а	тв	мн	м	
СОЧЕТА(ТI)СR&	инф/в					
ВТОРО(МУ)	числ/п	тв	дат	ед	м	
БРАКУ	сущ	o	дат	ед	м	
Е(Ж)	мест	м	им	ед	ср	
И	союз					
БЫСТЬ	гл	изъяв	аор гл	3	ед	
ПО&СЫЛАЕТЪ	гл	изъяв	н/б	3	ед	3
ПОСЛЫ	сущ	о	вин	мн	м	
ВЪ	пред					
ВЕЛИКИ(И)&	прил	тв	вин	ед	м	
*РИМЪ	сущ	о	вин	ед	м	
КО	пред					
*А(М)МОРИЮ	прил	jo	дат	ед	м	
ЦРЮ#	сущ	jo	дат	ед	м	
*ФОМ+&	сущ	а	дат	ед	м	
ДЕСПОТУ	сущ	о	дат	ед	м	
И	союз					
ПРОСИТЪ	гл	изъяв	н/б	3	ед	4
СЕБ+	мест	личн	возвр	дат		
ДЩЕ(РИ)&	сущ	er	род	ед	ж	
ЕГО	мест	м	род	ед	м	
*СОФЕИ	сущ	ja	род	ед	ж	
ЦРЕ(В)НЫ	сущ	а	род	ед	ж	
В	пред					
ЖЕНУ.&	сущ	a	вин	ед	ж	
ЦРЮ#	сущ	jo	дат	ед	м	
(Ж)	част					
САМОДЕ(Р)ЖЦУ	сущ	jo	дат	ед	м	
*РУ(с)СКИЯ	прил	тв	род	ед	ж	
ЗЕ(М)ЛИ&	сущ	ja/a	род	ед	ж	
ПРОШЕНИЕ	сущ	jo	вин	ед	ср	
ИСПО(л)НRЕТЪ	гл	изъяв	н/б	3	ед	3
В&ДАЕТЪ	гл	изъяв	н/б	3	ед	3
ЕМУ	мест	м	дат	ед	м	
ДЩЕРЪ	сущ	er	вин	ед	ж	
СВОЮ	мест	м	вин	ед	ж	
ПРЕ(Д)&РЕЧЕ(Н)НУЮ	прич	тв	прош	вин	ед	ж
*СОФЕЮ	сущ	ja	вин	ед	ж	
С	пред					
ПОДО(Б)НОЮ&	прил	тв	тв	ед	ж	
И	союз					
ВЕЛЕХВАЛНОЮ	прил	тв	тв	ед	ж	
ЧЕСТИЮ	сущ	i	тв	ед	ж	
И&	союз					
С	пред					
НЕЮ	мест	м	тв	ед	ж	
ПОСЫЛАЕ(Т)	гл	изъяв	н/б	3	ед	3
БЛГОРО(Д)НЫ(Х)#&	прил	тв	род	мн	м	
МНОГО	числ	тв	вин	ед	ср	
БОЛЯРЪ	сущ	о/en	род	мн	м	
ЖЕ	част					
И	союз					
КНSЕ(И)#&	сущ	jo/i	род	мн	м	
И	союз					
ВОЕВО(Д)	сущ	а	род	мн	м	
СИЛНЫХЪ	прил	тв	род	мн	м	
И	союз					
ПЯТЪ	числ	i	вин	ед	ж	
(Ж)&	част					
И	союз					
ГЕ(Т)МАНОВЪ	сущ	o/u	род	мн	м	
И	союз					
ДЕТЕИ	сущ	i	род	pt	ж	
БОЯ(Р)&СКИХЪ	прил	тв	род	мн	ж	
И	союз					
МНОЖЕСТВО	сущ	o	вин	ед	ср	
ЛЮДЕ(И)	сущ	i	род	pt	м	
Z -65						
I	союз					
МНОГW	числ	тв	вин	ед	ср	
СВЕЩЕ(Н)НОИНОКОВЪ&	сущ	o/u	род	мн	м	
I	союз					
ИНОКИ(Н)	сущ	ja	род	мн	ж	
И	союз					
ВСЯКИ(Х)	прил	тв	род	мн	м	
ХИТРОКО(В)&	сущ	o/u	род	мн	м	
И	союз					
МНОГИХЪ	прил	тв	род	мн	м	
МАСТЕРОВЪ&	сущ	o/u	род	мн	м	
МНОЖЕСТВО;	сущ	o	вин	ед	ср	
ПОСЫЛАЕ(Т)&	гл	изъяв	н/б	3	ед	3
ЖЕ	част					
ТОГДА	нар					
И	союз					
ПЕРВОПРЕСТО(л)&НИКЪ	сущ	о	им	ед	м	
ПАПА	сущ	а	им	ед	м	
РИМЪСКИ(И)	прил	тв	им	ед	м	
ПО&СЛОВЪ	сущ	o/u	род	мн	м	
ПРОВОДИТИ	инф					
ЦРВНD#&	сущ	а	вин	ед	ж	
БЛГОЧИННО#	нар					
И	союз					
ВЕЛЕЛ+ПНО	нар					
И	союз					
(в)&ДАЕТЪ	гл	изъяв	н/б	3	ед	3
ЖЕ	част					
И	союз					
ЛИСТЪ	сущ	o	вин	ед	м	
БЛГОСЛW&ВЕННОИ#	прил	тв	вин	ед	м	
ПОВЕЛ+ВАЕТЪ	гл	изъяв	н/б	3	ед	3
ПО&	пред					
WБЛАСТИ	сущ	i	дат	ед	ж	
РИМСКО(И)	прил	тв	дат	ед	ж	
И	союз					
НЕМЕ&ЦКОИ	прил	тв	дат	ед	ж	
Ч(с)ТНО	нар					
ЦРВН+#	сущ	а	дат	ед	ж	
УЧРЕ&ЖАТИ	инф					
СТАНЫ	сущ	o	вин	мн	м	
И	союз					
ВСЯКИМI&	мест	тв	тв	мн	ср	
БРАШНЫ	сущ	o	тв	мн	ср	
И	союз					
ПИТИI	сущ	jo	тв	мн	ср	
РА(З)ЛИЧЬ&НЫМИ	прил	тв	тв	мн	ср	
В	пред					
ДОВО(л)СТВО	сущ	о	вин	ед	ср	
ЯКОЖЕ&	союз					
Б+	гл	изъяв	а/имп	3	ед	
Л+ПО	нар					
ЦРВНЕ#	сущ	а	дат	ед	ж	
И	союз					
БЛГОРО(Д)&НЫ(Х)#	прил	тв	род	мн	м	
С	пред					
НЕЮ.	мест	м	тв	ед	ж	
В	пред					
НИХЪЖЕ	мест	м	мест	мн	м	
СЕИ&	мест	м	им	ед	м	
БЛГОВ+РНЫИ#	прил	тв	им	ед	м	
КНSЬ#	сущ	jo	им	ед	м	
*КОСТR(Н)&ТИНЪ	сущ	о	им	ед	м	
*МА(Н)КУВЪСКИI	прил	тв	им	ед	м	
W	пред					
НЕ(М)&ЖЕ	мест	м	мест	ед	м	
НАМЪ	мест	личн	1	дат	мн	
СЛОВО	сущ	es	им	ед	ср	
НА	пред					
ПРЕ(Д)ЛЕЖАZ 66 ЩАЯ	прич	м	наст	вин	мн	ср
ВО(З)ВРАТИМСЯ.	гл/в	повел		1	мн	4
ПРОВО&ДИША	гл	изъяв	аор гл	3	мн	
(Ж)	част					
ЦРВНУ#	сущ	а	вин	ед	ж	
ЧЕСТНО	нар					
И	союз					
(З)	пред					
БЛГО&РО(Д)НЫМИ#	прил	тв	тв	мн	м	
ДАЖЕ	нар					
ДО	пред					
САМЫХЪ&	мест	тв	род	мн	ж	
ПЛАНИТЪ	сущ	а	род	мн	ж	
ЗЕМЛИ	сущ	ja/a	род	ед	ж	
*РУ(с)СКИR&	прил	тв	род	ед	ж	
ПОКОИ	сущ	jo	вин	ед	м	
ТЕЛЕСНЕ	нар					
(Ж)	част					
И	союз					
Ч(с)ТНО&	нар					
ПРОВОЖДАШЕ	гл	изъяв	имп	3	ед	
(Ж)	част					
WВИI	мест	тв	им	мн	м	
ВО(З)ВРА&ТИШАСR	гл/в	изъяв	аор гл	3	мн	
ВОСВОRСИ	нар					
WВИI&	мест	тв	им	мн	м	
ПРОВОДИША	гл	изъяв	аор гл	3	мн	
И	союз					
ДО	пред					
СЛАВНАГО&	прил	тв	род	ед	м	
ПРЕИМЕНИТАГО	прил	тв	род	ед	м	
ГРАДА	сущ	o	род	ед	м	
*МО&СКВЫ	сущ	a	род	ед	ж	
И	союз					
МНОЗИ	мест	тв	им	мн	м	*
БИША	гл	изъяв	аор гл	3	мн	
ЧЕЛО(М)&	сущ	о	тв	ед	ср	
ВЕЛИКОМУ	прил	тв	дат	ед	м	
КНSЮ#	сущ	jo	дат	ед	м	
В	пред					
СЛУ(Ж)БУ	сущ	a	вин	ед	ж	
I	союз					
Т+(Х)&	мест	тв	вин/род	мн	м	
Г(с)ДРЬ	сущ	jo	им	ед	м	
ПОЖАЛОВА(л)	гл	изъяв	прош	м	ед	
ДАЕТЪ	гл	изъяв	н/б	3	ед	3
И(М)&	мест	м	дат	мн	м	
ГРАДЫ	сущ	о	вин	мн	м	
И	союз					
ВЛАСТИ	сущ	i	вин	мн	ж	
ВЕЛИКИR&	прил	тв	вин	мн	ж	
И	союз					
СЕЛА	сущ	o	вин	мн	ср	
ВО	пред					
УДЕРЖАНИЕ	сущ	jo	вин	ед	ср	
I	союз					
ВЪ&	пред					
ВОЧИНУ	сущ	а	вин	ед	ж	
СЕМУ	мест	м	дат	ед	м	
ЖЕ	част					
КНSЮ#	сущ	jo	дат	ед	м	
*КОНЪ&СТЯНТИНУ	сущ	o	дат	ед	м	
*МА(Н)КУВЪСКОМD&	прил	тв	дат	ед	м	
САМОДЕ(Р)ЖЕЦЪ	сущ	jo	им	ед	м	
ДАR	прич	jo	наст	им	ед	м
ГРАДЫ&	сущ	o	вин	мн	м	
ВЪ	пред					
ВОЛОСТИ	сущ	i	мест	ед	ж	
ВЪ	пред					
КОРМЛЕНИЕ,&	cущ	jo	вин	ед	ср	
W(Н)	мест	тв	им	ед	м	
ЖЕ	част					
НИКАКОЖЕ	нар					
W(Т)НЮДЪ&	нар					
СЛАВЫ	сущ	a	род	ед	ж	
МИРА	сущ	o	род	ед	м	
СЕГО	мест	м	род	ед	м	
НЕ	част					
ХОТЯЩЕ	прич	jo/en	наст	им	ед/мн	м
Z -66						
НО	союз					
ТАКО	нар					
ПРЕБЫВАЯ	прич	jo	наст	им	ед	м
ГЛШЕ#&	гл	изъяв	имп	3	ед	
А(З)	мест	личн	1	им	ед	
УБО	част					
Г(с)ДНЕ	сущ	o	зв	ед	м	
ВЕЛИКИI	прил	тв	зв	ед	м	
КНSЬ#&	сущ	jo	зв/им	ед	м	
И	союз					
СВОЕ	мест	м	вин	ед	ср	
W(Т)ЧЕСТВО	сущ	o	вин	ед	ср	
WСТА&ВИ(л)	гл	изъяв	прош	м	ед	
НО	союз					
ХОЩУ	гл	изъяв	н/б	1	ед	3
ЯКОЖЕ	союз					
БГЪ#&	сущ	o	им	ед	м	
И(З)ВОЛИТЪ	гл	изъяв	н/б	3	ед	4
И	союз					
ПРЧ(с)ТАR	прил	тв	им	ед	ж	
БЦА#.&	сущ	ja	им	ед	ж	
И	союз					
ТАКО	нар					
ПРЕБЫВАЮЩЕ	прич	jo/en	наст	дат/им	ед/мн	м
Е(МУ)&	мест	м	дат	ед	м	
ВЪ	пред					
ВЕЛИЦЕМЪ	прил	тв	мест	ед	ср	*
СМИРЕНИI&	сущ	jo	мест	ед	ср	
И	союз					
КРОТОСТИ,	сущ	i	мест	ед	ж	
I	союз					
ПРЕДАСТЪ&	гл	изъяв	аор гл	3	ед	
ЕГО	мест	м	вин/род	ед	м	
КНSЪ#	сущ	jo	им	ед	м	
ВЕЛИКИI	прил	тв	им	ед	м	
*РОСТО(В)&СКОМD	прил	тв	дат	ед	м	
АРХИЕП(с)ПУ	сущ	o	дат	ед	м	
*IОАСАФD&	сущ	o	дат	ед	м	
ПРЕ(Ж)	нар					
БЫ(В)ШЕМУ	прич	м	прош	дат	ед	м
КНSЮ#	сущ	jo	дат	ед	м	
*WБОЛ+&НЪСКОМD	прил	тв	дат	ед	м	
А	союз					
НЕ	част					
ПРОСТО	нар					
ЖЕ&	част					
ПРЕДАДЕ	гл	изъяв	аор пр	3	ед	
ЕМУ	мест	м	дат	ед	м	
СЕГО	мест	м	вин/род	ед	м	
АРХИ&ЕП(с)КПУ	сущ	o	дат	ед	м	
МНОГО	числ	тв	им	ед	ср	
БОЛЯРЕВ,&	сущ	o/u	род	мн	м	+ин
~ВЕДЕ(Н)СR <ВЕДЕСR>.	гл/в	изъяв	аор пр	3	ед	
ПО	пред					
ВРЕМЕНИ	сущ	men	мест	ед	ср	
ЖЕ&	част					
Н+КОЕМЪ	мест	м	мест	ед	ср	
АРХИЕП(с)ПЪ	сущ	o	им	ед	м	
*ИW&АСАFЪ	сущ	o 	им	ед	м	
АРХИЕП(с)КПЪЮ	cущ	ja	вин	ед	ж	
*РОСТО(В)&СКУЮ	прил	тв	вин	ед	ж	
WСТАВЛRЕТЪ	гл	изъяв	н/б	3	ед	3
СНИДЕ&	гл	изъяв	аор пр	3	ед	
В	пред					
К+ЛИЮ	сущ	ja	вин	ед	ж	
ВЪ	пред					
*FЕРАПОНТОВЪ&	прил	o	вин	ед	м	
МН(с)ТРЬ	сущ	jo	вин	ед	м	
НА	пред					
*БЕЛО	прил	o	вин 	ед	cр	
ЕЗЕРО	сущ	o	вин	ед	ср	
ВЪ	пред					
Z 67						
ПОСТРИЖЕНИЕ	cущ	jo	вин	ед	cр	
СВОЕ,	мест	м	вин	ед	ср	
А	союз					
СЕИ&	мест	м	им	ед	м	
КНSЬ#	сущ	jo	им	ед	м	
*КОНСТЯНТИ(Н)	cущ	o	им	ед	м	
С	пред					
НИМ	мест	м	тв	ед	м	
ЖЕ&	част					
СНИДЕ	гл	изъяв	аор пр	3	ед	
В	пред					
МН(с)ТРЬ	сущ	jo	вин	ед	м	
ТОЧИЮ	нар					
НЕ&	част					
ВИДЕНИЕ	сущ	jo	вин	ед	cр	
М+СТНАГО	прил	тв	род	ед	cр	
УСТРО&ЕНИR,	сущ	jo	род	ед	cр	
СЛЫШАЛЪ	гл	изъяв	плюскв	м	ед	пр
БО	союз					
Б+&	гл	изъяв	плюскв	3	ед	св
ПР(с)ТАЯ	прил	тв	вин	мн	ср	
WНА	мест	тв	вин	мн	ср	
М+СТА	сущ	o	вин	мн	ср	
НО	союз					
ЖЕ&ЛА	гл	изъяв	аор гл	3	ед	
ЖЕ	част					
И	союз					
ВИДЕТИ	инф					
R	мест	м	вин	мн	ср	
Б+	гл	изъяв	а/имп	3	ед	
ЖЕ	част					
SЕ&ЛО	нар					
БГОБОRЗНИВЪ#	прил	o	им	ед	м	
I	союз					
ПРИЛЕЖА&	гл	изъяв	аор гл	3	ед	
КО	пред					
СТ+И#	прил	тв	дат	ед	ж	
БЖИI#	прил	ja	дат	ед	ж	
ЦРКВИ#	сущ	uu	дат	ед	ж	
ЖИ&ВRШЕ	гл	изъяв	имп	3	ед	
(Ж)	част					
В	пред					
ЧИСТОТ+	сущ	a	мест	ед	ж	
И	союз					
ЦЕЛОМУ(Д)&РИI	сущ	jo	мест	ед	cр	
И	союз					
W(Т)	пред					
МИРЪСКИХЪ	прил	тв	род	мн	ж	
ВО(л)НЪ&	cущ	a	род	мн	ж	
УКЛОНЯШЕСЯ	гл/в	изъяв	имп	3	ед	
ПРЕДАША	гл	изъяв	аор гл	3	мн	
ЖЕ&	част					
ЕМУ	мест	м	дат	ед	м	
В	пред					
МН(с)ТР+	сущ	jo/o	мест	ед	м	
К+ЛИЮ	сущ	ja	вин	ед	ж	
НЕКО&ЕМУ	мест	м	дат	ед	м	
ПРИКАSАША	гл	изъяв	аор гл	3	мн	
ЕГО	мест	м	вин/род	ед	м	
БРЕЧИ&	инф					
СЩ(Н)НОИНОКУ	сущ	o 	дат	ед	м	
*ФИЛАР+ТУ	cущ	o	дат	ед	м	
И&МЕНЕМЪ	сущ	men	тв	ед	ср	
ТАКО(Ж)	нар					
ИСПО(Л)НЕНЪ&	прич	o	прош	им	ед	м
СТРАХА	сущ	o	род	ед	м	
БЖИЯ#	прил	jo	род	ед	м	
И	союз					
ЛЮ(Б)ВЕ	сущ	uu	род	ед	ж	
С	пред					
ВЕ&ЛИКИМЪ	прил	тв	тв	ед	ср	
ТЩАНИЕМЪ	сущ	jo	тв	ед	ср	
ПО(Д)&ВИГИ	сущ	o	вин	мн	м	
ПОКАSУЯ	прич	jo	наст	им	ед	м
И	союз					
ПРОХОДR&	прич	jo	наст	им	ед	м
ИНОЧЕСКАЯ	прил	тв	вин	мн	ср	
ЖИТИЯ	сущ	jo	род	ед	ср	
ТРЕ(З)ВИЩЕ	сущ	jo	вин	ед	cр	
Z -67						
ПОСТЪ	сущ	o	вин	ед	м	
И	союз					
БЕ(З)МОЛВИЕ	сущ	jo	вин	ед	ср	
ЛО(Б)ЗАЯ&	прич	jo	наст	им	ед	м
И	союз					
ЯКО	союз					
ДИВИТИСЯ	инф/в					
МНОГО&	нар					
НЕМЯТЕЖНУ	прил	o	дат	ед	cр	
ЖИТИЮ	сущ	jo	дат	ед	ср	
ЕГО&	мест	м	род	ед	м	
НЕ	част					
ЯКО	союз					
ЧЛ(В)КА	cущ	o	вин/род	ед	м	
ЕГО	мест	м	вин/род	ед	м	
МНЯЩЕ&	прич	jo/en	наст	им	мн	м
ВИД+ТИ	инф					
НО	союз					
ЯКО	союз					
АГГЛА#	сущ	o	вин/род	ед	м	
БЖИЯ#&	прил	jo	вин/род	ед	м	
ЕГО	мест	м	вин/род	ед	м	
СМАТРRЮЩЕ;	прич	jo/en	наст	им	мн	м
БЫВ&ШУ	прич	jo	прош	дат	ед	ср
ЖЕ	част					
П+НИЮ	сущ	jo	дат	ед	ср	
И	союз					
ВСЕНОШНО(МУ)&	прил	тв	дат	ед	cр	
БД+НИЮ	сущ	jo	дат	ед	ср	
I	союз					
УТОМИВШУ(с)	прич/в	jo	прош	дат	ед	м
ПРЕ(Ж)&РЕЧЕННОМУ	прич	тв	прош	дат	ед	м
КНSЮ#	сущ	jo	дат	ед	м	
*КО(Н)СТRН&ТИНD	cущ	o	дат	ед	м	
В	пред					
К+ЛИI	сущ	ja	мест	ед	ж	
В	пред					
НЕИЖЕ&	мест	м	мест	ед	ж	
ПОКОИ	сущ	jo	вин	ед	м	
ПРИIМАШЕ	гл	изъяв	имп	3	ед	
СВЕДЕ(Н)&	прич	o	прош	им	ед	м
БЫ(с)ТЬ	гл	изъяв	аор гл	3	ед	
В	пред					
СО(Н)	сущ	o	вин	ед	м	
ТОНОКЪ	прил	o	вин	ед	м	
И	союз					
ЗРИ(Т)&	гл	изъяв	н/б	3	ед	4
НЕКОЕ	мест	тв	вин	ед	ср	
ВИД+НИЕ	сущ	jo	вин	ед	ср	
НЕ	част					
ЯКО(Ж)&	союз					
ПРО(ч)ЧИ(И)МЪ	мест	м	дат	мн	м	
ЧЛКОМЪ#	сущ	o	дат	мн	м	
СПЯЩИ(М)&	прич	м	наст	дат	мн	м
ВСЕГДА	нар					
СЛУЧАЕТСЯ	гл/в	изъяв	н/б	3	ед	3
СЕМD&	мест	м	дат	ед	м	
ЖЕ	част					
НЕ	част					
ТАКО	нар					
НО	союз					
БЖИЕ#	прил	jo	им	ед	ср	
Н+&КОЕ	мест	тв	им	ед	ср	
W(Т)КРОВЕНИЕ	сущ	jo	им	ед	cр	
И	союз					
ВО(З)БНУ(В)&	прич	jo	прош	им	ед	м
W(Т)	пред					
СНА	сущ	o	род	ед	м	
НАПРА(с)НО	нар					
НАЧА	гл	изъяв	аор гл	3	ед	
ЗВА&ТИ	инф					
ВЕЛИИМЪ	прил	м	тв	ед	м	
ГЛАСОМЪ#&	cущ	o 	тв	ед	м	
ГЛR#	прич	jo	наст	им	ед	м
СИЦЕ	нар					
*ФИЛАРЕТЕ	сущ	o 	зв	ед	м	
Z 68						
*ФИЛАРЕТЕ	сущ	o 	зв	ед	м	
WНОМУ	мест	тв	дат	ед	м	
(Ж)	част					
РЕКШУ	прич	jo	прош	дат	ед	м
СЕ&	мест	м	им	ед	ср	
А(З)	мест	личн	1	им	ед	
ЧТО	мест	м	вин	ед	ср	
ХОЩЕШИ	гл	изъяв	н/б	2	ед	3
КНSЬ#	сущ	jo	им	ед	м	
(Ж)	част					
УЖАСЕ(Н)&	прич	o	прош	им	ед	м
БЫ(с)ТЬ	гл	изъяв	аор гл	3	ед	
ВЕ(л)МИ	нар					
НЕ	част					
МОГИI	прич	м	наст	им	ед	м
ГЛАТИ#&	инф					
*ФИЛАРЕТЪ	сущ	o 	им	ед	м	
(Ж)	част					
ШЕ(Д)	прич	jo	прош	им	ед	м
ПОВ+ДА	гл	изъяв	аор гл	3	ед	
АРХИ&ЕП(с)КПD	сущ	o	дат	ед	м	
СИR	мест	м	вин	мн	ср	
АРХИЕП(с)ПЪ	сущ	o	им	ед	м	
ЖЕ&	част					
*ИWАСАFD	сущ	o	дат	ед	м	
ИГУМЕНD	сущ	o	дат	ед	м	
АРХИЕП(с)КЪ	сущ	o	им	ед	м	
(Ж)&	част					
ПОВЕЛ+	гл	изъяв	аор гл	3	ед	
К	пред					
СЕБ+	мест	личн	возвр	дат		
ПРИВ+СТИ&	инф					
КНSЯ#	сущ	jo	вин/род	ед	м	
И	союз					
МОЛИТВУ	сущ	a	вин	ед	ж	
СОТВОРR&	прич	jo	наст	им	ед	м
НАЧАТЪ	гл	изъяв	аор гл	3	ед	
ВОПРОШАТИ	инф					
ЕГW&	мест	м	вин/род	ед	м	
С	пред					
ТИХОСТИЮ	сущ	i	тв	ед	ж	
W(Н)	мест	тв	им	ед	м	
ЖЕ	част					
НАЧА	гл	изъяв	аор гл	3	ед	
ЯКО&	союз					
W(Т)	пред					
СНА	сущ	o	род	ед	м	
ПРОБУЖАТИСЯ	инф/в					
ЕДВА&	нар					
Н+КАКО	нар					
В	пред					
СЕБ+	мест	личн	возвр	вин/род	ед	
ПРИШЕ(Д)	прич	jo	прош	им	ед	м
НА&ЧАТЪ	гл	изъяв	аор гл	3	ед	
ПОВ+ДАТИ	инф					
СИЦЕ;&	мест	р/скл	вин	ед	ср	
ВИД+(Х)	гл	изъяв	аор гл	1	ед	
РЕ(ч)	гл	изъяв	аор пр	3	ед	
ЦРКВЪ#	сущ	uu	вин	ед	ж	
КАМЕНD	прил	a	вин	ед	ж	
ВЕ&ЛИЮ	прил	ja	вин	ед	ж	
I	союз					
DКРАШЕНD	прич	a	прош	вин	ед	ж
I	союз					
МНИ(Х)	сущ	o	род	мн	м	
В	пред					
НЕИ&	мест	м	мест	ед	ж	
МНОЖЕСТВО	сущ	o	вин	ед	ср	
ПРЕ(Д)СТОЯЩИ(Х)&	прич	м	наст	род	мн	м
И	союз					
СРЕДИ	пред					
ЦРКВИ#	сущ	uu/i	род	ед	ж	
ПРЕСТО(л)	сущ	o	вин	ед	м	
ПРЕ&ВО(З)НЕСЕНЪ	прич	o	прош	вин	ед	м
НА	пред					
НЕМЖЕ	мест	м	мест	ед	м	
СЕДRЩЕ&	прич	jo/en	наст	им	ед/мн	м
ПР(Д)БНЫИ	прил	тв	им	ед	м	
*МАРТИНИRНЪ	сущ	o	им	ед	м	
БЫВЪ&ШИI	прич	м	прош	им	ед	м
IГDМЕНЪ	сущ	o	им	ед	м	
*FЕРАПО(Н)ТОВА	прил	o	род	ед	м	
Z -68						
МН(с)ТРЯ	сущ	jo	род	ед	м	
ЕГО(Ж)	мест	м	род	ед	м	
ГРО(Б)	сущ	o	им	ед	м	
ВИДИ(М)	прич	o	наст	им	ед	м
БЫ&СТЬ	гл	изъяв	аор гл	3	ед	
I	союз					
ДОНН+#	нар					
В	пред					
РУЦ+	сущ	a	мест	ед	ж	*
ЖЕ	част					
СВО&ЕИ	мест	м	мест	ед	ж	
ИМRШЕ	гл	изъяв	имп	3	ед	
ЖЕЗЛЪ	сущ	o	вин	ед	м	
И	союз					
ГЛАШЕ#&	гл	изъяв	имп	3	ед	
ПОСТРИГИСЯ	гл/в	повел	2	ед	1	
А(З)	мест	личн	1	им	ед	
РЕЧЕ	гл	изъяв	аор пр	3	ед	
НЕ	част					
ПО&СТРИГУСЯ	гл/в	изъяв	н/б	1	ед	1
ПАКИ	нар					
ГЛА#	гл	изъяв	аор гл	3	ед	
МИ&	мест	личн	1	дат	ед	
БЖ(с)ТВЕНЫ(И)	прил	тв	им	ед	м	
*МАРТИНИRНЪ&	сущ	o	им	ед	м	
ИМАМЪ	гл	изъяв	буд 1	1	ед	св
ТR	мест	личн	2	вин	ед	
ЖЕ(З)ЛОМЪ	сущ	o	тв	ед	м	
СИМЪ&	мест	м	тв	ед	м	
БИТИ	гл	изъяв	буд 1			инф
ПОСТРИГИСR	гл/в	повел	2	ед	1	
ПРЕКО&СЛОВRЩУ	прич	jo	наст	дат	ед	м
ЖЕ	част					
МИ	мест	личн	1	дат	ед	
СО	пред					
СТЫМЪ#&	прил	тв	тв	ед	м	
НА	пред					
МНОГЪ	прил	o	вин	ед	м	
ЧА(с)	сущ	o	вин	ед	м	
I	союз					
АБИЕ	нар					
СТЫИ#&	прил	тв	им	ед	м	
*МАРТИНИRНЪ	сущ	o	им	ед	м	
ВО(З)ВЕДЪ&	прич	jo	прош	им	ед 	м
РDКD	сущ	a	вин	ед	ж	
СВОЮ	мест	м	вин	ед	ж	
ГОР+	нар					
СЪ	пред					
ЖЕЗЛОМЪ&	сущ	o	тв	ед	м	
WНОМЪ	мест	тв	тв	ед	м	
И	союз					
ХОТRШЕ	гл	изъяв	имп	3	ед	
МR	мест	личн	1	вин	ед	
УДАРИ(ТI)&	инф					
А(З)	мест	личн	1	им	ед	
ЖЕ	част					
УБУДИ(Х)СR	гл/в	изъяв	аор гл	1	ед 	
И	союз					
ВОЗОПИХЪ&	гл	изъяв	аор гл	1	ед 	
И	союз					
СЕ	част					
НН+#	нар					
СМRТЕСЯ	гл/в	изъяв	аор пр	3	ед	
ДША#	сущ	ja	им	ед	ж	
МОR&	мест	м	им	ед	ж	
И	союз					
МЛТВОЮ#	сущ	a	тв	ед	ж	
СТОЮ#	прил	тв	тв	ед	ж	
ПОВЕЛИ	гл	повел	2	ед	4	
МR&	мест	личн	1	вин	ед	
ПОСТРИЩИ	инф					
ВО	пред					
МНИШЕСКИ(И)&	прил	тв	вин	ед	м	
W(Б)РА(З)	сущ	o	вин	ед	м	
ПЛАЧЮЩD	прич 	jo	наст	дат	ед 	м
(Ж)	част					
СR	мест	личн	возвр	вин		
ЕМD	мест	м	дат	ед	м	
И&	союз					
МОЛЯЩDСЯ	прич/в	jo	наст	дат	ед	м
НА	пред					
МНОГЪ	прил	o	вин	ед	м	
ЧАСЪ&	сущ	o	вин	ед	м	
ЗА	пред					
НОЗ+	сущ	a	вин	дв	ж	*
АРХИЕП(с)ПА	сущ	o	вин/род	ед	м	
ДЕ(Р)ЖАЩD	прич 	jo	наст	дат	ед 	м
Z 69						
УМИЛЕНИЯ	сущ	jo	род	ед	ср	
СЛОВЕСЫ	сущ	es/o	вин	мн	ср/м	-ес
ДЕЯНИЕМЪ&	сущ	jo	тв	ед	ср	
ИСПУЩАШЕ	гл	изъяв	имп	3	ед	
ЯКО	союз					
И	союз					
ДИВИТИСЯ&	инф/в					
МНОГИМЪ	прил	тв	дат	мн	м	
СКОРОМD	прил	тв	дат	ед	ср	
I	союз					
НЕЗА(п)НО(МУ)&	прил	тв	дат	ед	ср	
ЕГО	мест	м	род	ед	м	
ПРЕЛОЖЕНИЮ	сущ	jo	дат	ед	ср	
ПРИ(З)ВАВЪ	прич	jo	прош	им	ед	м
(Ж)&	част					
АРХИЕП(с)ПЪ	сущ	o	им	ед	м	
IГУМЕНА	сущ	o	вин/род.	ед	м	
И	союз					
ПОВ+&ЛЕ	гл	изъяв	аор гл	3	ед 	
ЕГО	мест	м	вин/род	ед	м	
W(Б)ЛЕЩИ	инф					
ВО	пред					
АГГЛЪСКИ(И)#&	прил	тв	вин	ед	м	
W(Б)РА(З)	сущ	o	вин	ед	м	
И	союз					
НАР+КОША	гл	изъяв	аор нов	3	мн	
ИМR	сущ	men	вин	ед	ср	
ЕМD&	мест	м	дат	ед	м	
*КАСИЯНЪ	сущ	o	им	ед	м	
W(Н)	мест	тв	им	ед	м	
ЖЕ	част					
В+РОЮ	сущ	a	тв	ед	ж	
И&	союз					
СЛЕЗАМИ	сущ	a	тв	мн	ж	
ВО(З)ДАЯ	прич	jo	наст	им	ед	м
WБ+ТЫ&	сущ	o	вин	мн	м	
СВОR	мест	м	вин	мн	м	
БГD#	сущ	o	дат	ед	м	
И	союз					
ПРЧ(с)ТОИ	прил	тв	дат	ед	ж	
ЕГО	мест	м	род	ед	м	
МА&ТЕРИ	сущ	er	дат	ед	ж	
IГDМЕН	сущ	o	им	ед	м	
ЖЕ	част					
ДХО(В)НЕ	нар					
ПО&УЧИВЪ	прич	jo	прош	им	ед	м
ЕГО	мест	м	вин/род	ед	м	
И	союз					
НАКАЗАВЪ	прич	jo	прош	им	ед	м
КА&КО	союз					
Л+ПО	нар					
БЫТИ	инф					
IНОКУ	сущ	o	дат	ед	м	
I	союз					
ПРЕ&ДАСТЪ	гл	изъяв	аор гл	3	ед 	
ЕГО	мест	м	вин/род	ед	м	
ПРЕ(Д)РЕЧЕННОМD&	прич	тв	прош	дат	ед	м
СЩ(Н)НОИНОКD	сущ	o	дат	ед	м	
*ФИЛАР+ТD	сущ	o	дат	ед	м	
И&	союз					
ПОВЕЛ+	гл	изъяв	аор гл	3	ед	
СО	пред					
ВСRЦЕМЪ	мест	тв	тв	ед	ср	*
ПРЕ(Д)ЛЕЖА&НИЕМЪ	сущ	jo	тв	ед	ср	
ПОПЕЧЕНИЕ	сущ	jo	вин	ед	ср	
IМЕТИ&	инф					
ДШИ#	сущ	ja	мест	ед	ж	
ЕГО	мест	м	род	ед	м	
W(Н)	мест	тв	им	ед	м	
ЖЕ	част					
ЯКО	союз					
ЗЕМЛR&	сущ	ja	им	ед	ж	
ЖА(Д)НАЯ	прил	тв	им	ед	ж	
ПРIИМЪ	прич	jo	прош	им	ед	м
С+МЕНА&	сущ	men	вин	мн	ср	
ДОБРОПЛО(Д)НАR	прил	тв	вин	мн	ср	
ТВОРЯЩЕ	прич	ja/en	наст	им	ед/мн	ж/м
Z -69						
ПЛОДОВЪ,	сущ	o/u	род	мн	м	
Р#	100					
И	союз					
L#	60					
И	союз					
Л#;&	30					
ТАКО	нар					
И	союз					
СЕИ	мест	м	им	ед	м	
ИНОКЪ	сущ	o	им	ед	м	
*КАСИR(Н)	сущ	o	им 	ед	м	
ПРИЕ(М)&	прич	jo	прош	им	ед	м
НАКАЗАНИЕ	сущ	jo	вин	ед	ср	
W(Т)ЦА#	сущ	jo	род	ед	м	
СВОЕГО	мест	м	род	ед	м	
ПА&СТЫРR	сущ	jo	род	ед	м	
I	союз					
DЧИТЕЛR	сущ	jo	род	ед	м	
W	пред					
Г(с)Д+.	сущ	i/o	мест	ед	м	
И&	союз					
ПОЛАГАШЕ	гл	изъяв	имп	3	ед	
R	мест	м	вин	мн	ср	
НА	пред					
СР(Д)ЦЫ	сущ	jo	мест	ед	ср	
СВОЕ(М)&	мест	м	мест	ед	ср	
I	союз					
СОБЛЮДАШЕ	гл	изъяв	имп	3	ед	
И	союз					
БЕ(З)	пред					
Л+НОСТИ	сущ	i	род	ед	ж	
ТВО&РRШЕ	гл	изъяв	имп	3	ед	
ПРЕ(Ж)	пред					
ВС+(Х)	мест	р/скл	род	мн	м	
НА	пред					
СОБОРНО(М)&	прил	тв	мест	ед	ср	
П+НИI	сущ	jo	мест	ед	ср	
WБР+ТАШЕСR	гл/в	изъяв	имп	3	ед	
I	союз					
ПОСЛ+&ДИ	пред					
ВС+ХЪ	мест	р/скл	род	мн	м	
И(З)	пред					
ЦРКВЕ#	сущ	uu	род	ед	ж	
ИСХОЖ(Д)А&ШЕ	гл	изъяв	имп	3	ед	
ПОВИНОВАНИЕ	сущ	jo	вин	ед	ср	
ЖЕ	част					
И&	союз					
ПОСЛУШАНИЕ	сущ	jo	вин	ед	ср	
I	союз					
ПОКОРЕНИЕ&	сущ	jo	вин	ед	ср	
ИМ+R	прич	jo	наст	им	ед	м
ВО	пред					
ВС+МЪ	мест	р/скл	мест	ед	ср	
ЯКО	союз					
ДО(Б)РЪ&	прил	o	им	ед	м	
ВОИНЪ	сущ	o	им	ед	м	
ВЛ(Д)КИ	сущ	a	род	ед	м	
*ХР(с)ТА.	сущ	o	род	ед	м	
ЛЮБR&	прич	jo	наст	им	ед	м
БЕ(З)МОЛВИЕ	сущ	jo	вин	ед	ср	
I	союз					
СТЫДЕНИЕМЪ&	сущ	jo	тв	ед	ср	
DКРАШАR	прич	jo	наст	им	ед	м
СЕБ+	мест	личн	возвр	вин/род		
И	союз					
ПАЧЕ	нар					
ВС+(Х)&	мест	р/скл	род	мн	м	
ДОБРОД+(ТЕ)ЛИЮ	сущ	i	тв	ед	ж	
ПРЕВЗЫДЕ&	гл	изъяв	аор пр	3	ед	
КРОТОКЪ	прил	o	им	ед	м	
ЖЕ	част					
НИЩЕЛЮБИВЪ&	прил	o	им 	ед	м	
ПРЕИ(З)ЛИХА	нар					
И	союз					
В	пред					
ЗАПОВ+ДА(Н)НЫ(Х)&	прич	тв	прош	мест	мн	ж
СЛУ(Ж)БА(Х)	сущ	a	мест	мн	ж	
С	пред					
ЛЮБОВИЮ	сущ	uu	тв	ед	ж	
И	союз					
БЕ(З)	пред					
РОПТА&НИR	сущ	jo	род	ед	ср	
ХОЖАШЕ	гл	изъяв	имп	3	ед	
I	союз					
НИКОЛИЖЕ	нар					
Z 70						
ПРАВИЛА	сущ	o	род	ед	ср	
СВОЕГО	мест	м	род	ед	ср	
КЕЛ+ИНАГW&	прил	тв	род	ед	ср	
WСТАВЛRШЕ	гл	изъяв	имп	3	ед	
ПОДРАЖАЯ	прич	jo	наст	им	ед	м
И&	союз					
РЕВНDR	прич	jo	наст	им	ед	м
DЧИТЕЛЮ	сущ	jo	дат	ед	м	
СВОЕМD	мест	м	дат	ед	м	
И&	союз					
ТАКО	нар					
В	пред					
ПОСТРИЖЕНIИ	сущ	jo	мест	ед	ср	
СВОЕ(М)&	мест	м	мест	ед	ср	
ВРЕМЯ	сущ	men	вин	ед	ср	
НЕМАЛО	прил	o	вин	ед	ср	
БГОУГО(Д)НО#	нар					
ВО&	пред					
СТРАС+	сущ	o	мест	ед	м	*
БЖИI#	прил	jo	мест	ед	м	
ПОЖИВ+;&	гл	изъяв	aор пр	3	ед	
ПО	пред					
СМОТРЕНИЮ	сущ	jo	дат	ед	ср	
ЖЕ	част					
БЖИЮ#	прил	jo	дат	ед	ср	
СЛУ&ЧИСR	гл/в	изъяв	аор гл	3	ед	
ЕМУ	мест	м	дат	ед	м	
ИЗЫТИ	инф					
ИС	пред					
ПОСТРИ&ЖЕНИR	сущ	jo	род	ед	ср	
СВОЕГО	мест	м	род	ед	ср	
И	союз					
ПЛОВУЩИМЪ&	прич	м	наст	дат	мн	м
В	пред					
ЛОДИI	сущ	ja	мест	ед	ж	
*ВО(л)ГОЮ	сущ	a	тв	ед	ж	
ВЪВЕРХЪ	нар					
КО	пред					
(г)РА&ДD	сущ	o	дат	ед	м	
*DГЛЕЧЮ,	сущ	jo	дат	ед	м	
I	союз					
НЕ	част					
ДОШЕ(Д)ШD	прич	jo	прош	дат	ед	м
ЕМD&	мест	м	дат	ед	м	
ДО	пред					
ГРАДА	сущ	o	род	ед	м	
ДО	пред					
СТОЛЪНАГО,	прил	тв	род	ед	м	
ЕI#&	15					
ПОПРИЩЬ	сущ	jo	род	мн	ср	
И	союз					
БЫ(в)ШИМЪ	прич	м	прош	дат	мн	м
ИМЪ&	мест	м	дат	мн	м	
НА	пред					
РЕЦ+	сущ	a	мест	ед	ж	*
*УЧЬМ+,	сущ	a	мест	ед	ж	
I	союз					
СНИДЕ&	гл 	изъяв	аор пр	3	ед	
СТАРЕЦЪ	сущ	jo	им	ед	м	
*КАСИRНЪ	сущ	o	им 	ед	м	
НА	пред					
БРЕ(г)&	сущ	o	вин	ед	м	
И	союз					
ВИД+	гл	изъяв	аор гл	3	ед	
М+СТО	сущ	o	вин	ед	ср	
БГОУГО(Д)НW#&	прил	o	вин	ед	ср	
КО	пред					
СПСЕНИЮ#	сущ	jo	дат	ед	ср	
ДШИ#	сущ	ja/a	род	ед	ж	
ЕГО	мест	м	род	ед	м	
I	союз					
АБИЕ&	нар					
ВО(З)ЛЮБИ	гл	изъяв	аор гл	3	ед	
Е	мест	м	вин	ед	ср	
I	союз					
ГЛШЕ#	гл	изъяв	имп	3	ед	
К	пред					
СЕБ+	мест	личн	возвр	дат		
СЕ&	мест	м	им	ед	ср	
ПОКОИ	сущ	jo	им	ед	м	
МОИ	мест	м	им	ед	м	
ЗД+	нар					
И	союз					
ВСЕЛЮСR&	гл/в	изъяв	н/б	1	ед	4
ЯКО(Ж)	нар					
И(З)ВОЛИХЪ	гл	изъяв	аор гл	1	ед	
И	союз					
СОТВОРИ	гл	изъяв	аор гл	3	ед	
Z -70						
МОЛИТВD	сущ	a	вин	ед	ж	
И	союз					
СЕДЕ	гл	изъяв	аор пр	3	ед	
ТD	нар					
I	союз					
ПО(с)ТА&ВИША	гл	изъяв	аор гл	3	мн	
КР(с)ТЪ	сущ	o	вин	ед	м	
И	союз					
ВОДРDЗИ	гл	изъяв	аор гл	3	ед	
КО&ЛИБD	сущ	a	вин	ед	ж	
I	союз					
НАЧА	гл	изъяв	аор гл	3	ед	
ЖИТИ	инф					
И	союз					
СЛАВИ(ТI)&	инф					
БГА#	сущ	o	вин/род	ед	м	
НЕПОМНОЗ+	нар					
АБИЕ	нар					
И	союз					
К+&ЛИЮ	сущ	ja	вин	ед	ж	
ПОСТАВЛRЕТЪ	гл	изъяв	н/б	3	ед	3
ПРОСЛЫ	гл	изъяв	аор гл	3	ед	
(Ж)&	част					
ЖИТИЕ	сущ	jo	им	ед	ср	
ЕГО	мест	м	род	ед	м	
ПО	пред					
ВСЕИ	мест	р/скл	дат	ед	ж	
W(Б)ЛА&СТИ	сущ	i	дат	ед	ж	
ТОИ	мест	тв	дат	ед	ж	
ДО	пред					
СТО(л)НАГО	прил	тв	род	ед	м	
ГРАДА&	сущ	o	род	ед	м	
*DГЛЕЧА	сущ	jo	род	ед	м	
И	союз					
ДО	пред					
ДЕРЖАВНАГО	прил	тв	род	ед	м	
ГРА&ДА	сущ	o	род	ед	м	
ВЕЛИКАГО	прил	тв	род	ед	м	
КНSR#	сущ	jo	род	ед	м	
*IВА(Н)НА&	сущ	o	род	ед	м	
БРАТА	сущ	o	род	ед	м	
КНSR#	сущ	jo	род	ед	м	
*WНДР+R	сущ	jo	род	ед	м	
*ВА&СИЛЬЕВИЧА	сущ	jo	род	ед	м	
ПРАВНУКА	сущ	o	род	ед	м	
ВЕЛИ&КАГО	прил	тв	род	ед	м	
КНSЯ#	сущ	jo	род	ед	м	
*ДИМИТРИR	сущ	jo	род	ед	м	
*IВА&НОВИЧА	сущ	jo	род	ед 	м	
*ДОНСКАГО,	прил	тв	род	ед 	м	
ХР(с)ТОЛЮ&БИВЫИ	прил	тв	им	ед	м	
ЖЕ	част					
КНSЬ#	сущ	jo	им	ед	м	
*АНДР+И	сущ	jo	им	ед	м	
*ВА&СИ(л)ЕВИЧЬ	сущ	jo	им	ед	м	
ПРИЗЫВАЕТЪ&	гл	изъяв	н/б	3	ед	3
К	пред					
СЕБ+	мест	личн	возвр	дат		
СТАРЦА	сущ	jо	вин/род	ед	м	
*КАСИЯНА&	сущ	о	вин/род	ед	м	
ПDСТЫ(Н)НИКА	сущ	о	вин/род	ед	м	
С	пред					
ЛЮБОВИЮ	сущ	uu	тв	ед	ж	
I	союз					
АБИЕ& 	нар					
ПРИХОДИ(Т)	гл	изъяв	н/б	3	ед	4
К	пред					
НЕМD	мест	м	дат	ед	м	
СТАРЕЦЪ&	сущ	jo	им	ед	м	
*КАСИRНЪ	сущ	o	им	ед	м	
И	союз					
ВО(З)ВЕЩЕНЪ&	прич	o	прош	им	ед	м
БЫСТЬ	гл	изъяв	аор гл	3	ед	
ПРИХО(Д)	сущ	о	им	ед	м	
ЕГО	мест	м	род	ед	м	
КНSЮ#	сущ	jo	дат	ед	м	
Z 71 						
ПОСЫЛАЕТЪ	гл	изъяв	н/б	3	ед	3
ЖЕ	част					
ВО	пред					
СТРЕТЕНIЕ& 	сущ	jo	вин	ед	ср	
ЕГО	мест	м	род	ед	м	
ВЕ(л)МО(Ж)	сущ	ja	вин/род	мн	м	
СВОИ(Х)	мест	м	вин/род	мн	м	
И	союз					
РАДОСТ+(Н)&	прил	о	 им	ед	м	
БЫСТЬ	гл	изъяв	аор гл	3	ед	
КНSЬ#	сущ	jo	им	ед	м	
W	пред					
ПРИХОДЕ	сущ	o	мест	ед	м	
СТА(Р)&ЦА	сущ	jo	род	ед	м	
И	союз					
БЕСЕДОВАСТА	гл	изъяв	аор гл	3	дв	
ДХО(В)НW&	нар					
И	союз					
АБИЕ	нар					
СТАРЕЦЪ	сущ	jo	им	ед	м	
ВО(З)ВЕЩАЕ(Т)&	гл	изъяв	н/б	3	ед	3
БЛГОВЕРНОМD#	прил	тв	дат	ед	м	
КНSЮ#	сущ	jo	дат	ед	м	
*АНДР+Ю&	сущ	jo	дат	ед	м	
*ВАСИ(л)ЕВИЧЮ	сущ	jo	дат	ед	м	
W	пред					
ПDСТЫНИ	сущ	ja	мест	ед	ж	
ГЛЕ&МЕИ#	прич	тв	наст	мест	ед	ж
*DЧЬМ+	сущ	a	мест	ед	ж	
ДА	союз					
БЫ	част					
В	пред					
ДЕРЖА&ВЕ	сущ	a	мест	ед	ж	
МН(с)ТРЬ	сущ	jo	вин	ед 	м	
ПОСТАВИТИ	инф					
ДЕ&РЖАВНЫИ	прил	тв	им	ед	м	
ЖЕ	част					
Г(с)ДРЬ	сущ	jo	им 	ед 	м	
ПРОШЕНИЕ&	сущ 	jo	вин	ед 	ср	
СТАРЦА	сущ	jo	род	ед	м	
ИСПО(л)НRЕТЪ	гл	изъяв	н/б	3	ед	3
I	союз					
ПОВ+&ЛЕВАЕТЪ	гл	изъяв	н/б	3	ед	3
ЕМD	мест	м	дат	ед	м	
ЯКОЖЕ	союз					
ХW&ЩЕТЪ	гл	изъяв	н/б	3	ед	3
ВО	пред					
WБЛАСТИ	сущ	i	мест	ед	ж	
ЕГО	мест	м	род	ед	м	
ДА&	част					
ЖИТЕЛЪСТВDЕТЪ,	гл	изъяв	н/б	3	ед	3
ДАЕТЪ	гл	изъяв	н/б	3	ед	3
(Ж)&	част					
I	союз					
МЛ(с)ТИНD	сущ	a	вин	ед	ж	
ДОВО(л)НD	прил	a	вин	ед	ж	
МН(с)ТРR&	сущ	jo	род	ед 	м	
НА	пред					
УСТРОЕНИЕ	сущ	jo	вин	ед	ср	
ПОВЕЛЕВАЕ(Т)&	гл	изъяв	н/б	3	ед	3
ЖЕ	част					
ЕМD	мест	м	дат	ед	м	
БРАТИЮ	сущ	ja	вин	ед	ж	
СОВОКУ(п)ЛR(ТI)&	инф					
ВО	пред					
СПСЕНИЕ#	сущ	jo	вин	ед	ср	
А(З)	мест	личн	1	им	ед	
РЕЧЕ	гл	изъяв	аор пр	3 	ед	
ДО(л)ЖЕНЪ&	прил	o	им	ед	м	
ПОМОГАТИ	инф					
ЕЛИКО 	нар					
СИЛА	сущ	a	им	ед	ж	
МОЯ&	мест	м	им	ед	ж	
В	пред					
ТО	мест	тв	вин	ед	ср	
(Ж)	част					
ВРЕМЯ	сущ	men	вин	ед	ср	
РОДИСЯ	гл/в	изъяв	аор гл	3	ед	
У	пред					
БЛГОВ+(Р)Z -71 НАГО#	прил	тв	род	ед	м	
И	союз					
ХР(с)ТОЛЮБИВАГО	прил	тв	род	ед	м	
КНSR#&	сущ	jo	род	ед	м	
*АНДР+R	сущ	jo	род	ед	м	
*ВАСИ(л)ЕВИЧА	сущ	jo	род	ед	м	
СНЪ#	сущ	u	им	ед	м	
*ДИ&МИТРЕИ,	сущ	jo	им	ед	м	
КНSЪ#	сущ	jo	им	ед	м	
ЖЕ	част					
*А(Н)ДР+И&	сущ	jo	им	ед	м	
ПОВЕЛ+ВАЕ(Т)	гл	изъяв	н/б	3	ед	3
СТАРЦD	сущ	jo	дат	ед	м	
*КАСИRНD&	сущ	o	дат	ед	м	
ДА	част					
БЫ	гл	сосл	3	ед	св	
ЕГО	мест	м	вин/род	ед	м	
ПОРОДИЛЪ	гл	сосл	м	ед	пр	
В	пред					
КD&П+ЛИ	сущ	i	мест	ед	ж	
СТЫМЪ#	прил	тв	тв	ед	ср	
КР(с)ЩЕНИЕМЪ&	сущ	jo	тв	ед	ср	
СТАРЕЦЪ	сущ	jo	им	ед	м	
(Ж)	част					
ПОВЕЛ+НИЕ	сущ	jo	вин	ед	ср	
БЛГО&В+РНАГО#	прил	тв	род	ед	м	
ИСПОЛНRЕТЪ	гл	изъяв	н/б	3	ед	3
ПО&	пред					
СЕМ	мест	м	мест	ед	ср	
ЖЕ	част					
И	союз					
ВХОДИТЪ	гл	изъяв	н/б	3	ед	4
В	пред					
ПDСТЫ&НD	сущ	a	вин	ед	ж	
I	союз					
ПОСТАВЛRЕТЪ	гл	изъяв	н/б	3	ед	3
ЦРКО(В)#&	сущ	uu	вин	ед	ж	
ВО	пред					
ИМR	сущ	men	вин	ед	ср	
ПРЧ(с)ТЫR	прил	тв	род	ед	ж	
БЦА#	сущ	ja	род	ед	ж	
Ч(с)ТНА(ГW)&	прил	тв	род	ед	ср	
И	союз					
СЛАВНАГО	прил	тв	род	ед	ср	
ЕR	мест	м	род	ед	ж	
DСПЕНИR&	сущ	jo	род	ед	ср	
ТА(Ж)	нар					
ТРАПЕЗD	сущ	a	вин	ед	ж	
И	союз					
К+(л)И	сущ	ja/a	вин	мн	ж	+и
ПО&СТАВЛRЕТЪ	гл	изъяв	н/б	3	ед	3
БРАТИRМЪ	сущ	o/ja	дат	мн	м	
(Ж)&	част					
МНОЖАЩИМСЯ	прич/в	м	наст	дат	мн	м
WВIИ	мест	тв	им	мн	м	
ТD&ТО	нар					
ПОСТРИГАШЕСR	гл/в	изъяв	имп	3	ед	
А	союз					
ИНИI&	мест	тв	им	мн	м	
W(Т)	пред					
ДА(л)НЫ(Х)	прил	тв	род	мн	м	
МАНАСТЫРЕИ&	сущ	jo/i	род	мн	м	
ПРИХОЖАХУ	гл	изъяв	имп	3	мн	
К	пред					
НЕМD	мест	м	дат	ед	м	
СОЖИТЕ(л)&СТВОВАХУ	гл	изъяв	имп	3	мн	
С	пред					
НИМИ	мест	м	тв	мн	м	
ХОТЯ&ЩЕ	прич	jo/en	наст	им	мн	м
ДША#	сущ	ja	вин	мн	ж	
СВОR	мест	м	вин	мн	ж	
СПСТИ#	инф					
СТАZ 72 РЕЦЪ	сущ	jo	им	ед	м	
ЖЕ,	част					
ПО	пред					
БЛГОСЛОВЕНИЮ#	сущ	jo	дат	ед	ср	
АРХИ&ЕП(с)КПА	сущ	o	род	ед	м	
*РОСТО(В)СКАГО	прил	тв	род	ед	м	
*ТИХОНА	сущ	o	род	ед	м	
И&	союз					
ПОВЕЛ+НИЕМЪ	сущ	jo	тв	ед	ср	
БЛГОВЕРНАГО#&	прил	тв	род	ед	м	
И	союз					
ХР(с)ТОЛЮБИВАГО	прил	тв	род	ед	м	
КНSЯ#	сущ	jo	род	ед	м	
*А(Н)ДР+R&	сущ	jo	род	ед	м	
*ВАСИ(л)ЕВИЧА	сущ	jo	род	ед	м	
И	союз					
ДЕТЕИ	сущ	i	род	pt	ж	
ЕГО	мест	м	род	ед	м	
ЦРКО(В)#&	сущ	uu	вин	ед	ж	
СВЩАВЪ#	прич	jo	прош	им	ед	м
И	союз					
УЧРЕЖАЕТЪ	гл	изъяв	н/б	3	ед	3
W(Б)ЩЕЕ&	прил	м	вин	ед	ср	
ЖИТИЕ	сущ	jo	вин	ед	ср	
И	союз					
ПОСТАВЛRЕТЪ&	гл	изъяв	н/б	3	ед	3
ИГУМЕНА.	сущ	o	вин/род	ед	м	
САМ	мест	тв	им	ед	м	
ЖЕ	част					
СТАРЕЦЪ&	сущ	jo	им	ед	м	
*КАСИЯНЪ.	сущ	o	им	ед	м	
W(Т)	пред					
АРХИЕП(с)ПА	сущ	o	род	ед	м	
И&	союз					
W(Т)	пред					
КНSЯ#	сущ	jo	род	ед	м	
*АНДР+R	сущ	jo	род	ед	м	
ЗВАШЕСЯ&	гл/в	изъяв	имп	3	ед	
СТРОИТЕЛЕМЪ.	сущ	jo	тв	ед	м	
КНR(З)	сущ	jo	им	ед	м	
ЖЕ	част					
ВЕ(л)&МИ	нар					
СТРОИТЕЛЯ	сущ	jo	вин/род	ед	м	
ПОЛЮБИ	гл	изъяв	аор гл	3	ед	
W(Т)&	пред					
ВСЕЯ	мест	р/скл	род	ед	ж	
ДША#	сущ	ja	род	ед	ж	
СВОЕЯ	мест	м	род	ед	ж	
ТАКОЖЕ&	нар					
И	союз					
БОRРЕ	сущ	o/en	им	мн	м	
ЕГО	мест	м	род	ед	м	
И	союз					
ДАША	гл	изъяв	аор гл	3	мн	
ЕМУ	мест	м	дат	ед	м	
И&М+НИR	сущ	jo	род	ед	ср	
НА	пред					
УСТРОЕНИЕ	сущ	jo	вин	ед	ср	
МН(с)ТРЯ&	сущ	jo	род	ед	м	
ЕЛИКО	союз					
МОЖАХУ	гл	изъяв	имп	3	мн	
ПАЧЕ	нар					
РЕЩИ&	инф					
ХОТЯХУ	гл	изъяв	имп	3	мн	
И	союз					
W(Т)ТОЛ+	нар					
КНSЬ#	сущ	jo	им	ед	м	
НАЧR&	гл	изъяв	аор гл	3	ед	
К	пред					
МН(с)ТРЮ	сущ	jo	дат	ед	м	
ЧАСТО	нар					
ПРИХОДИ(ТI)&	инф					
ПРЧ(с)ТОИ 	прил	тв	дат	ед	ж	
МОЛИТИСЯ	инф/в					
И	союз					
W(Т)	пред					
ВЕ&ЛИКИЯ	прил	тв	род	ед	ж	
В+РЫ	сущ	а	род	ед	ж	
ДАRШЕ	гл	изъяв	имп	3	ед	
МН(с)ТРЮ	сущ	jo	дат	ед	м	
Z -72 						
ИМ+НИЯ	сущ	jo	род	ед	ср	
МНОГО	числ	o	вин	ед	ср	
НА	пред					
СТРОЕНИЕ&	сущ	jo	вин	ед	ср	
И	союз					
БРАТИЮ	сущ	ja	вин	ед	ж	
КОРМЛRШЕ	гл	изъяв	имп	3	ед	
И	союз					
МИ&ЛОСТЫНЮ	сущ	ja	вин	ед	ж	
ДОВО(л)НD	прил	a	вин	ед	ж	
ДАRШЕ&	гл	изъяв	имп	3	ед	
I	союз					
ЕГДА	союз					
(Ж)	част					
КНSЬ#	сущ	jо	им	ед	м	
БЛГОВЕРНЫИ#&	прил	тв	им	ед	м	
ПОТ+ХУ	сущ	а	вин	ед	ж	
ТВОРЯЩЕ	прич	jo/en	наст	им	мн	м
И	союз					
ЛОВЫ&	сущ	о	вин	мн	м	
ЗВЕРИНЫ	прил	о	вин	мн	м	
Д+RШЕ	гл	изъяв	имп	3	ед	
НО	союз					
И	союз					
ТОГДА&	нар					
В	пред					
МН(с)ТРЬ	сущ	jo	вин	ед	м	
ПРИХОЖ(Д)А(А)ШЕ	гл 	изъяв	имп	3	ед	
ПРИ&ЧИСТОИ	прил	тв	дат	ед	ж	
МОЛRШЕСR	гл/в	изъяв	имп	3	ед	
И	союз					
БРАТИЮ&	сущ	ja	вин 	ед	ж	
ПОСЕЩАШЕ	гл	изъяв	имп	3	ед	
БИЯХУ	гл	изъяв	имп	3	мн	
БО	союз					
ТУ& 	нар					
ЗВ+РИ	сущ	i	им	мн	м/ж	
МНОГО,	нар					
ЛОСИ,	сущ	i	им	мн	м/ж	
И	союз					
ЕЛЕНИ&	сущ	jo	им	мн	м	
И	союз					
ЗУБРИ	сущ	o	им	мн	м	
ЖЕ	част					
И	союз					
БУИВОЛЫ	сущ	о	им/вин	мн	м	
И	союз					
ЛИ&СИЦЫ	сущ	ja/a	им	мн	ж	
ЖЕ	част					
И	союз					
СЕРНА	сущ	а	им	ед	ж	
ВОЛЪЦЫ	сущ	о	им	мн	м	*
(Ж)&	част					
И	союз					
МЕДВ+ДИ	сущ	i	им	мн	м/ж	
РЫСИ	сущ	i	им	мн	ж	
(Ж)	част					
И	союз					
МЕ(ч)КА&	сущ	а	им	ед	ж	
И	союз					
ПРОСТО	нар					
РЕЩИ	инф					
ВСЯКИ(И)	мест	тв	им	ед	м	
ЗВЕ(Р)&	сущ	i	им	ед	м	
ПО	пред					
БЖИЮ#	прил	jo	дат	ед	ср	
ЖЕ	част					
СТРОЕНИЮ	сущ	jo	дат	ед	ср	
В+СНЕ&	сущ	а	мест	ед	ж	
БЫВЪШУ	прич	jo	прош	дат	ед	ср
НАВО(Д)НЕНИЮ	сущ	jo	дат	ед	ср	
МНОГО&	нар					
ГР+ХЪ	сущ	o	род	мн	м	
РАДИ	посл					
НШИ(Х)#	мест	м	род	мн	м	
И	союз					
WБЫДЕ&	гл	изъяв	аор пр	3	ед	
ВОДА	сущ	а	им	ед	ж	
МН(с)ТРЬ	сущ	jo	вин	ед	м	
И	союз					
СТРRСЕ	гл	изъяв	аор пр	3	ед	
И	союз					
СМR&ТЕ	гл	изъяв	аор пр	3	ед	
И	союз					
МНОГИЯ	прил	тв	вин	мн	ж	
КЕЛИЯ	сущ	ja	вин	мн	ж	
И	союз					
СЛУ&ЖБЫ	сущ	а	вин	мн	ж	
И	союз					
СОСУДЫ	сущ	о	вин	мн	м	
СНЕСЕ	гл	изъяв	аор пр	3	ед	
МНИХИ	сущ	o	им	мн	м	
(Ж)	част					
Z 73						
УСТРАШИШАСЯ	гл/в	изъяв	аор гл	3	мн	
И	союз					
УБОЯША(с)&	гл/в	изъяв	аор гл	3	мн	
И	союз					
W(Т)	пред					
СТРАХА	сущ	o	род	ед	м	
ХОТЯХD	гл	изъяв	имп	3	мн	
РАЗЫТИ(с)&	инф/в					
И	союз					
СТРОИТЕЛЪ	сущ	jo	им	ед	м	
ЖЕ	част					
УТ+ШАR&	прич	jo	наст	им	ед	м
БРАТИЮ	сущ	ja	вин	ед	ж	
И	союз					
ГЛШЕ#	гл	изъяв	имп	3	ед	
НЕ	част					
СКОРБИ&ТЕ	гл	повел	2	мн	4	
БРАТИЯ	сущ	ja	зв/им	ед	ж	
МОЯ	мест	м	им	ед	ж	
И	союз					
НЕ	част					
УНЫ&ВАИТ+	гл	повел	2	мн	3	
ВНАЧАЛ+	нар					
СО(З)ДАВЫ(И)&	прич	м	прош	им	ед	м
БГЪ#	сущ	o	им	ед	м	
НБО#	сущ	es	вин	ед	ср	
И	союз					
ЗЕМЛЮ	сущ	ja	вин	ед	ж	
И	союз					
ВСЮ	мест	р/скл	вин	ед	ж	
ТВА(Р)&	сущ	i	вин	ед	ж	
ТАЖЕ	нар					
И	союз					
ЧЛКА#	сущ	o	вин/род	ед	м	
СОТВОРИ&	гл	изъяв	аор гл	3	ед	
СВОИМА	мест	м	тв	дв	ж	
РУКАМА	сущ	a	тв	дв	ж	
БГОЛ+ПНЫ&МА#	прил	тв	тв	дв	ж	
И	союз					
ПОТОМЪ	нар					
УМНОЖИВЪ&ШИМСR	прич/в	м	прош	дат	мн	м
ЧЛКО(М)#	сущ	o	дат	мн	м	
И	союз					
НАЧАША	гл	изъяв	аор гл	3	мн	
НЕ&Л+ПАR	прил	тв	вин	мн	ср	
ТВОРИТИ	инф					
И	союз					
ЗА	пред					
УМНО&ЖЕНИЕ	сущ	jo	вин	ед	ср	
ГР+ХОВЪ	сущ	o/u	род	мн	м	
НАШИХЪ&	мест	м	род	мн	м	
И	союз					
НАВ+ДЕ	гл	изъяв	аор пр	3	ед	
БГЪ#	сущ	o	им	ед	м	
ПОТОПЪ	сущ	о	вин	ед	м	
И&	союз					
ПОТОПИ	гл	изъяв	аор гл	3	ед	4
Д+ЛА	сущ	o	вин	мн	ср	
РУКУ	сущ	a	род	дв	ж	
СВОЕЮ&	мест	м	род	дв	ж	
W(Т)	пред					
ЧЛКА#	сущ	o	род	ед	м	
И	союз					
ДО	пред					
СКОТА	сущ	o	род	ед	м	
I	союз					
ВСЯКЪ	мест	тв	вин	ед	м	
ГА(Д)&	сущ	о	вин	ед	м	
И	союз					
ВСЯКУ	мест	тв	вин	ед	ж	
ПТИЦУ	сущ	ja	вин	ед	ж	
ТОКМО&	нар					
WСМЪ	числ	i	им	ед	ж	
ДШЪ#	сущ	ja	род	мн	ж	
СПАСОШАСЯ	гл/в	изъяв	аор нов	3	мн	
W(Т)&	пред					
ВОДЫ	сущ	a	род	ед	ж	
И	союз					
W(Т)	пред					
*НОЯ	сущ	jo	род	ед	м	
И	союз					
(З)В+РИ	сущ	i	им	мн	м/ж	
ЧИ&СТЫ(Х)	прил	тв	род	мн	м	
ТРОЕ	числ	м	им	ед	ср	
ТРОЕ	числ	м	им	ед	ср	
МУЖЕСКЪ	прил	o	им	ед	м	
Z -73						
ПО(л)	сущ	u	им	ед	м	
И	союз					
ЖЕНСКИ(И)	прил	тв	им	ед	м	
А	союз					
W(Т)	пред					
НЕЧИСТЫ(Х)&	прил	тв	род	мн	м	
ЗВЕРЕИ	сущ	i	род	мн	м	
ДВОЕ	числ	м	им	ед	ср	
ДВОЕ	числ	м	им	ед	ср	
И	союз					
О(Т)	пред					
ПТИ(Ц)&	сущ	ja	род	мн	ж	
ЧИСТЫХЪ	прил	тв	род	мн	ж	
И	союз					
W(Т)	пред					
НЕЧИСТЫХЪ&	прил	тв	род	мн	ж	
ТАКО(Ж)	нар					
В	пред					
КО(В)ЧЕЗЕ	сущ	o	мест	ед	м	*
С	пред					
*НОЕМЪ	сущ	jo	тв	ед	м	
ПРА&ВЕ(Д)НЫМЪ	прил	тв	тв	ед	м	
СПСОШАСЯ#	гл/в	изъяв	аор нов	3	мн	
И	союз					
ПО&ТОМУ	нар					
ПОЛОЖИ	гл	изъяв	аор гл	3	ед	
БГЪ#	сущ	o	им	ед	м	
ЗАВ+(Т)&	сущ	o	вин	ед	м	
СВОИ	мест	м	вин	ед	м	
МЕЖЪДУ	пред					
СОБОЮ	мест	личн	возвр	тв		
И	союз					
НА&МИ	мест	личн	1	тв	мн	
ПОСТАВИ	гл	изъяв	аор гл	3	ед	
ДУГУ	сущ	а	вин	ед	ж	
СВОЮ&	мест	м	вин	ед	ж	
НА	пред					
W(Б)ЛАЦЕ(Х)	сущ	о	мест	мн	ср	*
КТОМУ	нар					
НЕ	част					
ПРИ&ЛОЖИ	гл	изъяв	аор гл	3	ед	
БЫ(ТI)	инф					
НА	пред					
ЗЕМЛИ	сущ	ja	мест	ед	ж	
ПОТО&ПУ	сущ	о	дат	ед	м	
НО	союз					
СЕ	част					
НН+#	нар					
БРАТИЯ	сущ	ja	зв/им	ед	ж	
МИЛАR&	прил	тв	им	ед	ж	
ПРИIДЕ	гл	изъяв	аор пр	3	ед	
НА	пред					
НА(с)	мест	личн	1	вин/род	мн	
ВОДА	сущ	a	им	ед	ж	
СИЯ&	мест	м	им	ед	ж	
ГР+ХЪ	сущ	o	род	мн	м	
РАДИ	посл					
НАШИ(Х)	мест	м	род	мн	м	
ПИСА&НО	прич	о	прош	им	ед	ср
БО	союз					
ЕСТЬ	гл	изъяв	н/б	3	ед	5
ЗА	пред					
УМНОЖЕНИЕ&	сущ	jo	вин	ед	ср	
ГР+ХЪ	сущ	o	род	мн	м	
НАШИ(Х)	мест	м	род	мн	м	
И	союз					
БЕ(З)ЗАКОНИI&	сущ	jo	род	мн	ср	
НАШИ(Х)	мест	м	род	мн	ср	
ПОСЫЛАЕТЪ	гл	изъяв	н/б	3	ед	3
Г(с)ДЬ&	сущ	i	им	ед	м	
БГЪ#	сущ	o	им	ед	м	
КА(З)НИ	сущ	i	вин	мн	ж	
НА	пред					
НА(с)	мест	личн	1	вин/род	мн	
WВО	союз					
ГЛА&ДОМЪ	сущ	o	тв	ед	м	
И	союз					
ПОЖАРО(М)	сущ	o	тв	ед	м	
WВОГДА	нар					
(Ж)&	част					
ПОТОПО(М)	сущ	o	тв	ед	м	
И	союз					
МОРОМЪ	сущ	o	тв	ед	м	
И	союз					
НА&ШЕСТВИЯ	сущ	jo	им	мн	ср	
ИНОПЛЕМЕ(н)НЫ(Х).	прил	тв	род	мн	м	
Z 74						
НО	союз					
ПОМИЛУЯ	прич	jo	наст	им	ед	м
НА(с)	мест	личн	1	вин/род	мн	
И	союз					
НАКАSУЕ(Т)&	гл	изъяв	н/б	3	ед	3
НИКТО(Ж)	мест	тв	им	ед	м	
ТАКО	нар					
БРАТИЯ	сущ	ja	зв/им	ед	ж	
МОЯ&	мест	м	им	ед	ж	
СЕБ+	мест	личн	возвр	вин/род		
ПОМИЛУЕТЪ	гл	изъяв	н/б	3	ед	3
ЯКОЖЕ&	союз					
ВС+ХЪ	мест	р/скл	вин/род	мн	м	
НА(с)	мест	личн	1	вин/род	мн	
БГЪ#	сущ	o	им	ед	м	
НО	союз					
СЕ	част					
НЫН+&	нар					
БРАТИR	сущ	ja	зв/им	ед	ж	
МОR	мест	м	им	ед	ж	
МИЛАR	прил	тв	им	ед	ж	
НЕ	част					
СКО(Р)&БИТ+	гл	повел		2	мн	4
НЕ	част					
WСТАВИТЪ	гл	изъяв	н/б	3	ед	4
НА(с)&	мест	личн	1	вин/род	мн	
Г(с)ДЬ	сущ	i	им	ед	м	
БГЪ#	сущ	o	им	ед	м	
СОБРАНЫ(Х)	прич	тв	прош	вин/род	мн	м
ВО	пред					
ИМR&	сущ	men	вин	ед	ср	
ЕГО	мест	м	род	ед	м	
АЩЕ	союз					
СКОРБИ	сущ	i	род	ед	ж	
НЕ	част					
ТЕ(Р)ПИ(М)&	гл	изъяв	н/б	1	мн	4
КАКО	нар					
ПОКОИ	сущ	jo	вин	ед	м	
W(Б)РRЩЕМЪ&	гл	изъяв	н/б	1	мн	3
И	союз					
НИКЪТОЖЕ	мест	тв	им	ед	м	
БЕС	пред					
ПО(Д)ВИГА&	сущ	о	род	ед	м	
ВЕ(Н)ЧАЕТСЯ	гл/в	изъяв	н/б	3	ед	3
МАЛО	нар					
SД+	нар					
ПРЕ&ТЕРПИМЪ	гл	повел		1	мн	4
ДА	част					
В	пред					
В+КИ	сущ	o	вин	мн	м	
ВО(З)&РАДУЕМСR	гл/в	изъяв	н/б	1	мн	3
ПОЛОЖИМЪ&	гл	повел		1	мн	4
УПОВАНИЕ	сущ	jo	вин	ед	ср	
НА	пред					
БГА#	сущ	o	вин/род	ед	м	
И	союз					
НА	пред					
ПРЕ&ЧИСТУЮ	прил	тв	вин	ед	ж	
ЕГО	мест	м	род	ед	м	
МТРЬ#	сущ	er	вин	ед	ж	
ПИТА&ТЕЛНИЦУ	сущ	ja	вин	ед	ж	
СИМИ	мест	м	тв	мн	ср	
СЛОВЕСЫ&	сущ	es	тв	мн	ср	
И	союз					
МНОЖАИШИМИ	прил/ср	м	тв	мн	ж	
УТ+ХИ	сущ	a/o	тв	мн	ж	
И	союз					
У&ТВЕ(Р)ДИ	гл	изъяв	аор гл	3	ед	
БРАТИЮ	сущ	ja	вин	ед	ж	
САМЪ	мест	тв	им	ед	м	
ЖЕ&	част					
СХОДИТЪ	гл	изъяв	н/б	3	ед	4
W(Т)	пред					
ПУСТЫНИ	сущ	ja/a	род	ед	ж	
ВО	пред					
ГРА(Д)&	сущ	o	вин	ед	м	
КО	пред					
БЛГОВЕРНОМУ#	прил	тв	дат	ед	м	
КНSЮ#	сущ	jo	дат	ед	м	
*А(Н)ДР+Ю	сущ	jo	дат	ед	м	
Z -74						
*ВАСИ(л)ЕВИЧЮ	сущ	jo	дат	ед	м	
И	союз					
КЪ	пред					
Д+ТЕМЪ	сущ	i	дат	pt	ж	
ЕГО&	мест	м	род	ед	м	
И	союз					
СКАЗЫВАЕ(Т)	гл	изъяв	н/б	3	ед	3
ЕМУ	мест	м	дат	ед	м	
Б+ДУ	сущ	а	вин	ед	ж	
СВОЮ&	мест	м	вин	ед	ж	
И	союз					
НА(ВО)ДНЕНИЕ	сущ	jo	вин	ед	ср	
ВЕЛИЕ	прил	jo	вин	ед	ср	
И	союз					
БРА(Т)И&	сущ	ja/a	род	ед	ж	 +и
СКОРБИ	сущ	i	вин	мн	ж	
И	союз					
ПЕЧАЛЕИ	сущ	i	род	мн	ж	
РА(З)ЛУЧЕНИЕ&	сущ	jo	вин	ед	ср	
ВКУПЕ	нар					
ЖЕ	част					
ПОВЕДАЕТЪ	гл	изъяв	н/б	3	ед	3
И	союз					
ПО&МЫСЛЪ	сущ	o	вин	ед	м	
СВОИ	мест	м	вин	ед	м	
ЕЖЕ	союз					
WБИТЕ(л)&	сущ	i	вин	ед	ж	
ПРЕСТАВИТИ	инф					
НА	пред					
ИНОЕ	мест	тв	вин	ед	ср	
М+СТО&	сущ	o	вин	ед	ср	
КНSЬ#	сущ	jo	им	ед	м	
ЖЕ	част					
СЛЫШАВЪ	прич	jo	прош	им	ед	м
СИЯ	мест	м	вин	мн	ср	
W(Т)&	пред					
СТРОИТЕЛЯ	сущ	jo	род	ед	м	
*КАСИЯНА	сущ	о	род	ед	м	
СЪЖА&ЛИ(с)	гл/в	изъяв	аор гл	3	ед	
СИ	мест	личн	возвр	дат		
ЗЕЛО	нар					
ПОСЫЛАЕ(Т)	гл	изъяв	н/б	3	ед	3
УБО&	част					
В	пред					
ПУСТЫНЮ	сущ	ja	вин	ед	ж	
КОРМЪ	сущ	о	вин	ед	м	
И	союз					
НА	пред					
УТ+&ШЕНИI	сущ	jo	вин/мест	ед	ср	
БРАТИI	сущ	ja	дат	ед	ж	
МЛ(с)ТНЮ	сущ	ja	вин	ед	ж	
ДО&ВО(л)НУ	прил	a	вин	ед	ж	
I	союз					
ЕЖЕ	мест	м	вин	ед	ср	
ВОДА	сущ	a	им	ед	ж	
РА(З)НЕСЛА&	гл	изъяв	прош	ж	ед	
ТО	мест	тв	вин	ед	ср	
ВСЕ	мест	р/скл	вин	ед	ср	
ИСПО(л)НRЕТЪ	гл	изъяв	н/б	3	ед	3
И	союз					
ГЛА(ТI)#&	инф					
ПОИДЕ(М)	гл	повел		1	мн	1
БРАТИI	сущ	ja	дат	ед	ж	
НИ	част					
W	пред					
ЧИМЖЕ&	мест	м	мест	ед	ср	
СКОРБИТИ	инф					
ПОВЕЛ+ВАШЕ	гл	изъяв	имп	3	ед	
НО&	союз					
И	союз					
А(З)	мест	личн	1	им	ед	
РЕ(ч)	гл	изъяв	аор пр	3	ед	
ЛИШЕНИЕ	сущ	jo	вин	ед	ср	
ВАШЕ&	мест	м	вин	ед	ср	
И	союз					
НЕДОСТАТО(ч)НАЯ	прил	тв	вин	мн	ср	
НАПО(л)НЮ&	гл	изъяв	н/б	1	ед	4
ТОКМО	нар					
~ТЕ(Р)БИТ+ <ТЕ(Р)ПИТ+>	гл	повел		2	мн	4
НА	пред					
МЕСТ+&	сущ	o	мест	ед	ср	
СЕМЪ	мест	м	мест	ед	ср	
И	союз					
НЕ	част					
ИСХОДИТ+	гл	повел		2	мн	4
НО	союз					
И	союз					
Z 75						
И	союз					
А(З)	мест	личн	1	им	ед	
РЕЧЕ	гл	изъяв	аор пр	3	ед	
ВАМЪ	мест	личн	2	дат	мн	
ПОМОШНИКЪ&	сущ	о	им	ед	м	
ЕЛИКА	мест	тв	им	ед	ж	
СИЛА	сущ	a	им	ед	ж	
ДА	союз					
ЕЖЕ	союз					
ПЛОТ&НИКИ	сущ	o	вин	мн	м	
И	союз					
ЛЮДИ	сущ	i	вин	pt	м	
ПОСЫЛАЕ(Т)	гл	изъяв	н/б	3	ед	3
МНО&ГИЯ	прил	тв	вин	мн	м	
И	союз					
ПОВЕЛ+ВАЕТЪ	гл	изъяв	н/б	3	ед	3
СТРО&ИТЕЛЮ	сущ	jo	дат	ед	м	
(Ж)	част					
I	союз					
ИГУМЕНУ	сущ	o	дат	ед	м	
МН(с)ТРЬ&	сущ	jo	вин	ед	м	
ПОСТАВИТИ	инф					
НА	пред					
ИНОЕ	мест	тв	вин	ед	ср	
М+СТО&	сущ	o	вин	ед	ср	
ИД+ЖЕ	союз					
НН+#	нар		xx			
СТОИТЪ	гл	изъяв	н/б	3	ед	4
БЛГОДА&ТИЮ#	сущ	i	тв	ед	ж	
БЖИЕЮ#	прил	ja	тв	ед	ж	
ПОВЕЛ+ВАЕТЪ	гл	изъяв	н/б	3	ед	3
(Ж)&	част					
И	союз					
ДРУГУЮ	мест	тв	вин	ед	ж	
ЦРКО(В)#	сущ	uu	вин	ед	ж	
~ВО(З)ДВИГНТИ <ВО(З)ДВИГНУТИ>&	инф					
С	пред					
ТРАПЕЗОЮ	сущ	a	тв	ед	ж	
ВО	пред					
ИМR	сущ	men	вин	ед	ср	
СТГО#	прил	тв	род	ед	м	
И	союз					
ВЕ&ЛИКАГО	прил	тв	род	ед	м	
ВО	пред					
ПРР(о)ЦЕХЪ	сущ	o	мест	мн	м	*
*IWА(Н)НА&	сущ	o	род	ед	м	
ПРЕДОТЕЧЮ	сущ 	ja	вин	ед	м	
Ч(с)ТНАГО	прил	тв	род	ед	ср	
И	союз					
СЛАВЪ&НАГО	прил	тв	род	ед	ср	
ЕГО	мест	м	род	ед	м	
РЖ(с)ТВА	сущ	o	род	ед	ср	
ДАЕТЪ	гл	изъяв	н/б	3	ед	3
ЖЕ&	част					
МН(с)ТРЮ	сущ	jo	дат	ед	м	
И	союз					
ЗЕМЛЮ	сущ	ja	вин	ед	ж	
СО	пред					
ДР(В)НЯМИ&	сущ	ja	тв	мн	ж	
И	союз					
С	пред					
ПОЧИНКИ	сущ	o	тв	мн	м	
НЕ	част					
ТОКМО	нар					
(Ж)	част					
НО	союз					
И&М+НИЯ	сущ	jo	род	ед	ср	
МНОГО	числ	тв	вин	ед	ср	
НА	пред					
СОСТАВЛЕ&НИЕ	сущ	jo	вин	ед	ср	
МН(с)ТРЯ	сущ	jo	род	ед	м	
И	союз					
ХЛ+БА	сущ	o	род	ед	м	
ДОВО&ЛЪНО	нар					
НА	пред					
ПРЕКОРМЛЕНИЕ&	сущ	jo	вин	ед	ср	
БРАТИ(И)	сущ	ja	дат	ед	ж	
И	союз					
WБРОКИ	сущ	o	вин	мн	м	
УКАЗА	гл	изъяв	аор гл	3	ед	
W(Т)&	пред					
ГО(ДУ)	сущ	o/u	род	ед	м	
ДО	пред					
ГО(ДУ)	сущ	o/u	род	ед	м	
И	союз					
РУГУ	сущ	a	вин	ед	ж	
ПОДАДЕ	гл	изъяв	аор пр	3	ед	
ЦРКВА(М)#	сущ	uu	дат	мн	ж	
Z -75						
БЖИIМЪ#	прил	м	дат	мн	ж	
И	союз					
ГРАМОТАМИ	сущ	a	тв	мн	ж	
И&	союз					
ПЕЧА(Т)МИ	сущ	i	тв	мн	ж	
СВОИМИ	мест	м	тв	мн	ж	
УТВЕРДИ(В)&	прич	jo	прош	им	ед	м
ПРЕ(Д)НRR	прил	м	вин	мн	ср	
Л+ТА	сущ	o	вин	мн	ср	
И	союз					
W(Т)ТОЛ+&	нар					
КЪ	пред					
МН(с)ТРЮ	сущ	jo	дат	ед	м	
КНSЬ#	сущ	jo	им	ед	м	
ВЕЛИЮ	прил	ja	вин	ед	ж	
В+&РD	сущ	a	вин	ед	ж	
СТRЖА	гл	изъяв	аор гл	3	ед	
ЦРКО(В)#	сущ	uu	вин	ед	ж	
БЖИЮ#&	прил	ja	вин	ед	ж	
УКРАСИ	гл	изъяв	аор гл	3	ед	
ЯКО	союз					
Н+ВЕСТУ	сущ	a	вин	ед	ж	
И&КОНАМИ	сущ	a	тв	мн	ж	
И	союз					
РИЗАМИ	сущ	а	тв	мн	ж	
I	союз					
ВСЯКОЮ&	мест	тв	тв	ед	ж	
УТВАРИЮ	сущ	i	тв	ед	ж	
ПОЖИВЕ	гл	изъяв	аор пр	3	ед	
ЖЕ&	част					
ПР(Д)БНЫИ	прил	тв	им	ед	м	
*КАСИЯНЪ	сущ	o	им	ед	м	
В	пред					
ТО(М)&	мест	тв	мест	ед	м	
МН(с)ТР+	сущ	jo/o	мест	ед	м	
Л+ТА	сущ	o	вин	мн	ср	
ДОВО(л)НА	прил	o	вин	мн	ср	
БРА&ТОЛЮ(Б)НО	нар					
И	союз					
БГОУГО(Д)НО#	нар					
ПО&	пред					
ЕV(г)ЛЬСКО(МУ)	прил	тв	дат	ед	ср	
СЛОВЕСИ	сущ	es	дат	ед	ср	
ВСЯ	мест	р/скл	вин	мн	ж	
ЗА&ПОВЕДИ	сущ	i	вин	мн	ж	
~Г(с)ДR <Г(с)ДНR>	прил	ja	вин	мн	ж	
ИСПРАВИ	гл	изъяв	аор гл	3	ед	
А(л)ЧЮ&ЩАЯ	прич	jo	наст	вин	мн	м
НАСЫЩАR	прич	jo	наст	им	ед	м
ЖАЖДУ&ЩАR	прич	jo	наст	вин	мн	м
НАПИТАR	прич	jo	наст	им	ед	м
НАГИR&	прил	тв	вин	мн	м	
WДЕВАR	прич	jo	наст	им	ед	м
СТРАННЫЯ	прил	тв	вин	мн	м	
И	союз					
БЕ(з)&КРОВНЫЯ	прил	тв	вин	мн	м	
ПО(Д)	пред					
КРОВЪ	сущ	o	вин	ед	м	
СВО(И)&	мест	м	вин	ед	м	
ВЪВОДR	прич	jo	наст	им	ед	м
НАКОРМЛRЯ	прич	jo	наст	им	ед	м
И	союз					
НА&ПОRЯ	прич	jo	наст	им	ед	м
И	союз					
НУЖНАR	прил	тв	вин	мн	ж/ср	
ИМЪ&	мест	м	дат	мн	м	
ПОДАВАЯ	прич	jo	наст	им	ед	м
ПОТРЕБЫ	сущ	a	вин	мн	ж	
БОЛRЩИ(Х)	прич	м	наст	род	мн	м
Z 76						
НА	пред					
ТО(Р)ЖИЩИ(Х)	сущ	jo	мест	мн	ср	
И	союз					
НА	пред					
РАСПУТИИ(Х)&	сущ	jo	мест	мн	ср	
И	союз					
ПО	пред					
УЛИЦАМЪ	сущ	ja	дат	мн	ж	
ПОВЕ(Р)ЖЕНЫ(М)&	прич	тв	прош	дат	мн	м
МЛ(с)ТИНУ	сущ	a	вин	ед	ж	
ДАЯШЕ	гл	изъяв	имп	3	ед	
И	союз					
УТ+ШАШЕ&	гл	изъяв	имп	3	ед	
R	мест	м	вин	мн	м	
ТЕ(Р)ПЕТИ	инф					
ДО(Б)ЛЕСТВЕННЕ&	нар					
НИЩЕТУ	сущ	a	вин	ед	ж	
БУДУЩИ(Х)	прич	м	наст	род	мн	ср
РА(ДИ)	посл					
ВО(З)&ДАRНИЕ	сущ	jo	род/им	мн/ед	ср	
БЛАЖЕНИ	прил	o	им	мн	м	
БО	союз					
РЕЧЕ&	гл	изъяв	аор пр	3	ед	
НИЩИI	прил	м	им	мн	м	
НЕ	част					
ТОКМО	нар					
ДХО(М)#	сущ	o	тв	ед	м	
НО&	союз					
И	союз					
ЖИТИЕМЪ	сущ	jo	тв	ед	ср	
ЯКО	союз					
Т+(Х)	мест	тв	род	мн	м	
ЕСТЬ&	гл	изъяв	н/б	3	ед	5
ЦР(с)ТВО	сущ	o	им	ед	ср	
НБ(с)НОЕ.	прил	тв	им	ед	ср	
В	пред					
Т+МНИ&ЦА(Х)	сущ	ja	мест	мн	ж	
ЖЕ	част					
ПОС+ЩАЯ	прич	jo	наст	им	ед	м
И	союз					
ПОТРЕ(Б)&НАR	прил	тв	вин	мн	ср	
ИМЪ	мест	м	дат	мн	м	
ДАЯШЕ	гл	изъяв	имп	3	ед	
С	пред					
ЛЮБОВИЮ&	сущ	uu	тв	ед	ж	
И	союз					
УТ+ШАЯ	прич	jo	наст	им	ед	м
СЛОВЕСЫ	сущ	es	тв	мн	ср	
ДШЕПО&Л+ЗНЫМИ#	прил	тв	тв	мн	ср	
И	союз					
ТАКО	нар					
ЖИТИЕ&	сущ	jo	вин	ед	ср	
СВОЕ	мест	м	вин	ед	ср	
ПРЕВОДИ	гл	изъяв	аор гл	3	ед	
СО	союз					
ВСЯЦЕМЪ&	мест	тв	тв	ед	ср	*
СМИР+ННОМУ(Д)РИЕМЪ	сущ	jo	тв	ед	ср	
I	союз					
НАЧА(Т)&	гл	изъяв	аор гл	3	ед	
И(З)НЕМОГАТИ	инф					
И	союз					
ПО(З)НА&	гл	изъяв	аор гл	3	ед	
СВОЕ	мест	м	вин	ед	ср	
КО	пред					
Г(с)ДУ	сущ	i/o	дат	ед	м	
W(Т)ШЕСТВИЕ&	сущ	jo	вин	ед	ср	
ПРИЗЫВАЕТЪ	гл	изъяв	н/б	3	ед	3
К	пред					
СЕБ+	мест	личн	возвр	дат		
БРА&ТИЮ	сущ	ja	вин	ед	ж	
И	союз					
НАЧАТЪ	гл	изъяв	аор гл	3	ед	
ГЛТИ#	инф					
СЕ&	част					
УЖЕ	нар					
БРАТИЯ	сущ	ja	зв/им	ед	ж	
МОЯ	мест	м	им	ед	ж	
ПРИХОДИ(Т)	гл	изъяв	н/б	3	ед	4
Z -76						
ДНЬ#	сущ	en	им	ед	м	
СКОНЪЧАНИR	сущ	jo	род	ед	ср	
МОЕГО&	мест	м	род	ед	ср	
А(З)	мест	личн	1	им	ед	
W(Т)ХОЖУ	гл	изъяв	н/б	1	ед	4
W(Т)	пред					
ВА(с)	мест	личн	2	род	мн	
КЪ	пред					
БГУ#&	сущ	o	дат	ед	м	
ЕГОЖЕ	мест	м	вин/род	ед	м	
И(З)МЛАДА	нар					
ВО(З)ЛЮ&БИХЪ	гл	изъяв	аор гл	1	ед	
ВАСЪ	мест	личн	2	вин/род	мн	
ЖЕ	част					
ПРЕДАЮ&	гл	изъяв	н/б	1	ед	3
СПСУ#	сущ	o	дат	ед	м	
И	союз					
ПРЧ(с)ТОИ	прил	тв	дат	ед	ж	
ЕГО	мест	м	род	ед	м	
МАТЕ&РИ	сущ	er	дат	ед	ж	
I	союз					
ВЕЛИКОМУ	прил	тв	дат	ед	м	
*IWА(Н)НУ	сущ	o	дат	ед	м	
ПРЕ(Д)&ТЕЧИ	сущ	ja	дат	ед	м	
И	союз					
ПО	пред					
МОЕМЪ	мест	м	мест	ед	ср	
W(Т)ШЕ&СТВИI	сущ	jo	мест	ед	ср	
БРАТИЯ	сущ	ja	зв/им	ед	ж	
МОR	мест	м	им	ед	ж	
ВО(З)&ЛЮ(Б)ЛЕННАR	прич	тв	прош	им	ед	ж
ИМ+ИТЕ	гл	повел		2	мн	3
МЕ&ЖУ	пред					
СОБОЮ	мест	личн	возвр	тв		
МИРЪ	сущ	o	вин	ед	м	
И	союз					
ЛЮБОВЪ&	сущ	uu	вин	ед	ж	
БЖИЮ#	прил	ja	вин	ед	ж	
СОБРАНИ	прич	o	прош	им	мн	м
И	союз					
НЕ	част					
W(Т)ЛУЧА&ИТЕСЯ	гл/в	повел		2	мн	3
СИ(И)РЕ(ч)	союз					
П+НИЯ&	сущ	jo	род	ед	ср	
ЦРКОВЪНАГО#	прил	тв	род	ед	ср	
МОЛ+БНЫ&	сущ	o	вин	мн	м	
ПОИТ+	гл	повел		2	мн	3
И	союз					
НА	пред					
ЛИТ+RХЪ&	сущ	ja	мест	мн	ж	
РОДИТЕЛИ	сущ	jo	вин/им	мн	м	
ПОМИНАИ&ТЕ	гл	повел	2	мн	3	
И	союз					
СЕНАНИКИ	сущ	o	вин	мн	м	
ЧТИТЕ&	гл	повел	2	мн	1	
ТО	мест	тв	им	ед	ср	
БО	союз					
СУТЪ	гл	изъяв	н/б	3	мн	5
КНИГИ&	сущ	a	им	мн	ж	
ЖИВОТНЫR	прил	тв	им	мн	ж	
ПИШЕТЪ&	гл	изъяв	н/б	3	ед	3
БО	союз					
АЩЕ	союз					
ПОМИНАЕТЪ&	гл	изъяв	н/б	3	ед	3
УМЕРЪШАЯ	прич	м	прош	вин	мн	м
ТО	союз					
И	союз					
САМЪ	мест	тв	им	ед	м	
Z 77						
ПОМRНОВЕНЪ	прич	o	прош	им	ед	м
БУДЕТЪ&	гл	изъяв	буд	3	ед	1
СТРА(Н)НОЛЮБИR	сущ	jo	род	ед	ср	
ЖЕ	част					
НЕ	част					
ЗАБЫ&ВАИТЕ	гл	повел	2	мн	3	
МОЛЮ	гл	изъяв	н/б	1	ед	4
ВЫ	мест	личн	2	вин	мн	
НИЩИ(Х)&	прил	м	вин/род	мн	м	
ПИТАИТЕ	гл	повел	2	мн	3	
СИРОТАМЪ&	сущ	a	дат	мн	м	
ПОМОГАИТЕ	гл	повел	2	мн	3	
ВДОВИЦЫ&	сущ	ja/a	вин	мн	ж	
ЗАСТУПАИТ+	гл	повел	2	мн	3	
W(Т)	пред					
НАСИЛУЮ&ЩИХЪ	прич	м	наст	род	мн	м
И	союз					
ХР(с)ТИЯНЪ	сущ	o/en	вин/род	мн	м	
ЖЕ&	част					
СВОИХЪ	мест	м	вин/род	мн	м	
БРЕГИТЕ	гл	повел	2	мн	1	
СТОИТЕ&	гл	повел	2	мн	4	
ЗА	пред					
НИХЪ	мест	м	вин/род	мн	м	
И	союз					
Г(с)ДРЮ	сущ	jo	дат	ед	м	
И	союз					
ВЕ(л)МО&ЖАМЪ	сущ	ja	дат	мн	м	
ПЕЧАЛУИТЕСR&	гл/в	повел	2	мн	3	
W	пред					
НИХЪ	мест	м	мест	мн	м	
И	союз					
W(Т)	пред					
WБИДЯЩИ(Х)&	прич	м	наст	род	мн	м
И(З)БАВЛRИТ+	гл	повел	2	мн	3	
ИХЪ	мест	м	вин/род	мн	м	
А	союз					
ЗА&	пред					
ЗЕМЛЮ	сущ	ja	вин	ед	ж	
ДОМОВУЮ	прил	тв	вин	ед	ж	
ПРЧ(с)ТЫЕ&	прил	тв	род	ед	ж	
ЕДИНОМЫСЛЕННО	нар					
СТОИ&Т+	гл	повел	2	мн	4	
А	союз					
ИГУМЕНА	сущ	o	вин/род	ед	м	
СВОЕГО	мест	м	вин/род	ед	м	
СЛУ&ШАИТ+	гл	повел	2	мн	3	
И	союз					
ПОВИНУИТЕСЯ&	гл/в	повел		2	мн	3
ЕМУ	мест	м	дат	ед	м	
СВОЕМУ	мест	м	дат	ед	м	
W(Т)ЦУ#	сущ	jo	дат	ед	м	
ПО	пред					
АП(с)ЛУ&	сущ	o	дат	ед	м	
ТИI	мест	тв	им	мн	м	
БО	союз					
БДЯТЪ	гл	изъяв	н/б	3	мн	4
W	пред					
ДШАХЪ#&	сущ	ja	мест	мн	ж	
ВАШИХЪ	мест	м	мест	мн	ж	
ЯКО	союз					
СЛОВW&	сущ	es	вин	ед	ср	
ХОТЯЩЕ	прич	jo/en	наст	им	мн	м
ВО(З)ДАТИ	инф					
БГD#	сущ	o	дат	ед	м	
Z -77						
СИR	мест	м	вин	мн	ср	
I	союз					
ИНА	мест	тв	вин	мн	ср	
ДШЕПОЛ+(З)НАЯ#&	прил	тв	вин	мн	ср	
СЛОВЕСА	сущ	es	вин	мн	ср	
И(З)Р+КЪ	прич	jo	прош	им	ед	м
И	союз					
ТАКО&	нар					
ПРИЧАСТИСЯ	гл/в	изъяв	аор гл	3	ед	
СТРАШНЫ(Х)&	прил	тв	род	мн	ж	
И	союз					
ЖИВОТВОРЯЩИХЪ	прич	м	наст	род	мн	ж
ТА&ИНЪ	сущ	a	род	мн	ж	
И	союз					
~БЛГОДАРИВЪ <БЛГОДАРИВЪ#>	прич	jo	прош	им	ед	м
БГА#&	сущ	o	вин/род	ед	м	
ПРЕДАСТЪ	гл	изъяв	аор гл	3	ед	
ДХЪ#	сущ	o	вин	ед	м	
ВО	пред					
СТАРО&СТИ	сущ	i	мест	ед	ж	
МАСТИТЕ	прил	a	мест	ед	ж	
W(Т)ИДЕ&	гл	изъяв	аор пр	3	ед	1
КО	пред					
Г(с)ДУ	сущ	i/o	дат	ед	м	
ЕГОЖЕ	мест	м	вин/род	ед	м	
И(З)МЛАДА	нар					
ВО(З)&ЛЮБИ	гл	изъяв	аор гл	3	ед	
СОВЕРЪШАЕТЪ	гл	изъяв	н/б	3	ед	3
ЖЕ&	част					
СR	мест	личн	возвр	вин		
СОБОРЪ	сущ	о	им	ед	м	
ЕГО	мест	м	род	ед	м	
В	пред					
СО(З)ДАНЪ&НЕМЪ	прич	тв	прош	мест	ед	м
W(Т)	пред					
НЕГО	мест	м	род	ед	м	
МАНАСТЫ&РЕ	сущ	jo/o	мест	ед	м	
ПРЧ(с)ТЫЯ	прил	тв	род	ед	ж	
БЦА#	сущ	ja	род	ед	ж	
Ч(с)ТНА&ГО	прил	тв	род	ед	ср	
И	союз					
СЛАВНАГО	прил	тв	род	ед	ср	
ЕЯ	мест	м	род	ед	ж	
УСПЕ&НИЯ	сущ	jo	род	ед	ср	
ИЖЕ	мест	м	им	ед	м	
ЕСТЬ	гл	изъяв	н/б	3	ед	5
НА	пред					
*УЧЬ&М+	сущ	a	мест	ед	ж	
ИДЕЖЕ	союз					
ЛЕЖАТЪ&	гл	изъяв	н/б	3	мн	4
СТЫЯ#	прил	тв	им	мн	ж	
ЕГО	мест	м	род	ед	м	
МОЩИ	сущ	i	им	pt	ж	
И	союз					
ДО	пред					
СЕ&ГО	мест	м	род	ед	м	
ДНИ#;	сущ	en/i	род	ед	м	
М(с)ЦА	сущ	jo	род	ед	м	
МАИЯ&	сущ	jo	род	ед	м	
КА#	21					
ДНЪ#	сущ	en	им	ед	м	
НА	пред					
ПАМЯ(Т)	сущ	i	вин	ед	ж	
СТГО#&	прил	тв	род	ед	м	
РАВНО	нар					
АП(с)ЛО(М)	сущ	o	дат	мн	м	
ЦАРЯ	сущ	jo	род	ед	м	
*КО(Н)&СТЯ(н)ТИНА;	сущ	о	род	ед	м	
И	союз					
ХР(с)ТОЛЮБИZ 78 ВЫЯ	прил	тв	род	ед	ж	
МТРИ#	сущ	er	род	ед	ж	
ЕГО	мест	м	род	ед	м	
*ЕЛЕНЫ&	сущ	а	род	ед 	ж	
ПРЕСТАВЛЕНИЕ	сущ	jo	вин	ед	ср	
ЖЕ	част					
ЕГW&	мест	м	род	ед	м	
ПРА(З)ДНУЮТЪ	гл	изъяв	н/б	3	мн	3
М(с)ЦА	сущ	jo	род	ед	м	
W(к)ТЯ(Б)&РR	сущ	jo	род	ед	м	
ВЪ	пред					
Д#	4					
ДНЪ#	сущ	en	вин	ед	м	
НА	пред					
ПАМR(Т)&	сущ	i	вин	ед	ж	
СТГО#	прил	тв	род	ед	м	
СЩ(Н)НОМ(ч)НИКА	сущ	о	род	ед	м	
*ЕРО&FЕЯ	сущ	jo	род	ед	м	
ЕП(с)КПА	сущ	о	род	ед	м	
*АFИНЪСКАГО&	прил	тв	род	ед	м	
БГУ#	сущ	o	дат	ед	м	
НАШЕМУ	мест	м	дат	ед	м	
СЛАВА	сущ	a	им	ед	ж	
I	союз					
НН+#&	нар					
I	союз					
ПР(с)НО	нар					
I	союз					
ВЪ	пред					
В+КИ	сущ	o	вин	мн	м	
В+КОМЪ&	сущ	o	дат	мн	м	
АМИНЬ;&	нар					
СИЯ	мест	м	вин	мн	ср	
СЛОВЕСА	сущ	es	вин	мн	ср	
W(Т)ЦЫ#	сущ	jo	зв	мн	м	
И	союз					
БРАТИR&	сущ	o/ja	зв/им	мн/ед	м	
ЛЮ(Б)ВЕ	сущ	uu	род	ед	ж	
РАДИ	посл					
ПРОЧИТАЮЩЕ&	прич	jo/en	наст	им	мн	м
И	союз					
ГА#	сущ	i/o	род	ед	м	
РАДИ	посл					
ДА	част					
НЕ	част					
ЗА(З)РИТ+	гл	повел	2	мн	4	
СТИI#&	прил	тв	им	мн	м	
ВАША	мест	м	им	ед	ж	
ХУДОСТИ	сущ	i	дат	ед	ж	
МОЕИ	мест	м	дат	ед	ж	
И&	союз					
НЕДОСТАТОЧЕСТВD	сущ	о	дат	ед	ср	
УМА&	сущ	o	род	ед	м	
МОЕГО	мест	м	род	ед	м	
ЕЛИКО	нар					
СЛЫШАХЪ&	гл	изъяв	аор гл	1	ед	
W(Т)	пред					
БГОДХО(В)НАГО#	прил	тв	род	ед	м	
WНОГО	мест	тв	род	ед	м	
СТА(Р)&ЦА	сущ	jo	род	ед	м	
*СИЛУЯНА	сущ	о	род	ед	м	
*FЕРАПО(Н)ТО&ВА	прил	о	род	ед	м	
МН(с)ТРЯ	сущ	jo	род	ед	м	
И	союз					
W(Т)	пред					
УЧЕНИКЪ&	сущ	o	род	мн	м	
СТГО#	прил	тв	род	ед	м	
СТАРЦА	сущ	jo	род	ед	м	
*КАСИRНА&	сущ	о	род	ед	м	
W	пред					
НЕПОРОЧНОМЪ	прил	тв	мест	ед	ср	
ЕГО	мест	м	род	ед	м	
ЖИТИI	сущ	jo	мест	ед	ср	
Z -78						
ТОЛИКО	нар					
И	союз					
НАПИСАХЪ	гл	изъяв	аор гл	1	ед	
ВА&ШЕИ	мест	м	дат	ед	ж	
ЛЮ(Б)ВИ	сущ	uu	дат	ед	ж	
ДА	част					
НЕ	част					
СМУТИ(Т)СR&	гл/в	изъяв	н/б	3	ед	4
ДША#	сущ	ja	им	ед	ж	
ВАША	мест	м	им	ед	ж	
СЛЫШАЩЕ&	прич	jo/en	наст	им	мн	м
СИR	мест	м	вин	мн	ср	
НЕ	част					
БУДИ	гл	повел	2	ед	1	
МИ	мест	личн	1	дат	ед	
ЛЪГАТИ&	инф					
НА	пред					
СТГО#	прил	тв	вин/род	ед	м	
СЕГО	мест	м	вин/род	ед	м	
НЕ	част					
САМОВИ&ДЕЦЪ	сущ	jo	им	ед	м	
БО	союз					
А(З)	мест	личн	1	им	ед	
ЖИТИЮ	сущ	jo	дат	ед	ср	
ЕГО&	мест	м	род	ед	м	
НИ	част					
ПАКИ	нар					
WЧИ	сущ	es/i	им	дв	ср	
МОИ	мест	м	им	дв	ср	
ВИ&Д+СТА	гл	изъяв	аор гл	3	дв	
ЕГО	мест	м	вин/род	ед	м	
КОГДА,	нар					
А&ЩЕ	союз					
ЛИ	част					
ЖЕ	част					
КТО	мест	тв	им	ед	м	
И(З)ВЕСТНЕ&Е	нар					
СЕГО	мест	м	род	ед	ср	
РАЗУМ+ЕТЪ&	гл	изъяв	н/б	3	ед	3
СЕИ	мест	м	им	ед	м	
ДА	част					
ИСПО(л)НИТЪ	гл	изъяв	н/б	3	ед	4
ПИ&САНИЕ	сущ	jo	вин	ед	ср	
СЕ	мест	м	вин	ед	ср	
И	союз					
СОВЕРШЕНУ&	прил	тв	вин	ед	ж	
МSДУ	сущ	a	вин	ед	ж	
W(Т)	пред					
БГА#	сущ	o	род	ед	м	
ДА	част					
ПРИIМЕ&ТЪ	гл	изъяв	н/б	3	ед	1
А(З)	мест	личн	1	им	ед	
БО	союз					
ЕСМЪ	гл	изъяв	н/б	1	ед	5
НЕВ+И&ГЛА(с)	сущ	o	им	ед	м	
И	союз					
ПОСЕЛЯНИНЪ	сущ	о	им	ед	м	
ЕЩЕ&	нар					
ВО	пред					
УЧИМЫХЪ	прич	тв	наст	мест	мн	м
ПРЕБЫ&ВАЮ	гл	изъяв	н/б	1	ед	3
ВСЯКУ	мест	тв	дат	ед	ср	
УБО	част					
Д+ЛD&	сущ	o	дат	ед	ср	
НАЧАЛО	сущ	o	им	ед	ср	
И	союз					
КОНЕЦЪ	сущ	jo	им	ед	м	
БГЪ#&	сущ	o	им	ед	м	
ЕМУЖЕ	мест	м	дат	ед	м	
СЛАВА	сущ	a	им	ед	ж	
И	союз					
ДЕРЖА&ВА	сущ	a	им	ед	ж	
И	союз					
Ч(с)ТЬ	сущ	i	им	ед	ж	
И	союз					
ПОКЛОНЕНИЕ	сущ	jo	им	ед	ср	
Z 79						
НН+#	нар					
И	союз					
ПР(с)НО	нар					
И	союз					
ВО	пред					
В+КИ&	сущ	o	вин	мн	м	
В+КОМЪ	сущ	o	дат	мн	м	
АМИНЪ;&	нар					
АЩЕ	союз					
ЛИ	част					
ХОЩЕШИ	гл	изъяв	н/б	2	ед	3
УВ+&ДАТИ	инф					
ИМR	сущ	men	вин	ед	ср	
ПИСАВЪ&ША.	прич	jo	прош	род	ед	м
СЕИ	мест	м	вин	ед	м	
ТО	союз					
НАПИСУЮ&	гл	изъяв	н/б	1	ед	3
ТИ	мест	личн	2	дат	ед	
WБРRЩЕШИ	гл	изъяв	н/б	2	ед	3
ПИСМR(н)&	сущ	men	род	мн	ср	
ШЕСТЬ	числ	i	вин	ед	ж	
W(Т)	пред					
НИ(Х)ЖЕ	мест	м	род	мн	ср	
СУТЪ&	гл	изъяв	н/б	3	мн	5
СОГЛАСНА	прил	o	им	мн	ср	
ТРИ	числ	i	им	мн	ср	
А	союз					
ТРОЕ&СЛОЖНО	прил	o	им	ед	ср	
ЕСТЬ	гл	изъяв	н/б	3	ед	5
ПОСЛ+ДЪ&НАR	прил	тв	им	ед	ж	
И	союз					
СРЕДЪНАR	прил	тв	им	ед	ж	
ТR&	мест	тв/м	им	мн	ж	
ПО	пред					
ТРИ	числ	i	вин	мн	ср	
ПИСМЕНА	сущ	men	вин	мн	ср	
И&МАТЪ	гл	изъяв	н/б	3	ед	5
КАRЖЪДО	мест	тв	им	ед	ж	
ПРО(ч)&ЧАR	мест	м	им	ед	ж	
ЖЕ	част					
ВИЩЪШАR	прил/ср	м	им	ед	ж	
НИ&	част					
~СВ+ХЪ <ВС+ХЪ>	мест	р/скл	род	мн	ср	
СЧЕТЪ	сущ	о	вин	ед	м	
WБРRЩЕ&ШИ	гл	изъяв	н/б	2	ед	3
ШЕСТЬ	числ	i	им	ед	ж	
СОТЪ	числ	o	род	мн	ср	
ЧЕ&ТЫРЕДRСЯТЪ	числ	i	им	мн	м	
ТРИ;	числ	i	им	мн	ж	
@						
